timestamp,likes,retweets,replies,keywords,tweetUrl,text
2026-06-24T03:31:19.000Z,613,94,67,"semiconductor; ai","https://x.com/jukan05/status/2069624382390157544","Korean semiconductor stocks turned lower after the presidential policy chief said that Korean semiconductor companies should share the benefits of AI."
2026-06-24T01:55:34.000Z,937,125,260,"","https://x.com/jukan05/status/2069600288546451830","Having recently traded China A shares myself, my impression was that the market is far too easily moved, and even manipulated, by absurd rumors.  At the time, I held a leading Chinese CCL stock. One day, a rumor circulated that Chinese securities regulators were investigating a"
2026-06-24T00:21:41.000Z,438,56,19,"","https://x.com/jukan05/status/2069576660727529596","This is a fresh report from the FT, and it’s really interesting.  Apparently, Chinese traders are reluctant to smuggle H200s into China at scale not because of U.S. rules, but because of Chinese regulations."
2026-06-24T00:21:42.000Z,31,1,2,"","https://x.com/jukan05/status/2069576663118270543",""
2026-06-24T00:06:36.000Z,235,14,19,"","https://x.com/jukan05/status/2069572863536021716","Wow, Meta is apparently entering the prediction market business now…  Honestly, I think it wouldn’t be a bad idea for Meta to get back into the stablecoin business at this point, similar to what it tried to do with Libra back in the day."
2026-06-24T00:06:36.000Z,11,,1,"","https://x.com/jukan05/status/2069572866824356223",""
2026-06-23T18:30:06.000Z,746,85,57,"dram; samsung; sk hynix; micron; memory","https://x.com/jukan05/status/2069488184036307049","This is actually a really important point. If CXMT’s DRAM ASP is only about 5–10% lower than Samsung, SK Hynix, and Micron’s, it suggests that China currently has no interest in dumping memory. They want to make money too, don’t they?"
2026-06-23T11:55:19.000Z,576,60,33,"tsmc; memory; price","https://x.com/jukan05/status/2069388829841363242","Culpium: TSMC is pushing for a 5–10% price increase across all advanced nodes, including 7nm. This was driven by management’s directive after seeing competing memory companies enjoy higher pricing and wanting to benefit from the same trend.   $TSM"
2026-06-23T11:55:19.000Z,34,,2,"","https://x.com/jukan05/status/2069388833440068068",""
2026-06-23T10:33:47.000Z,3K,453,124,"micron","https://x.com/jukan05/status/2069368311146815885","Why did the KOSPI fall today?  1. Korean leverage trading has climbed to excessively high levels. 2. Ahead of Micron's earnings, profit taking is underway, with talk that buyside expectations have become too elevated. 3. Korean lawmakers are discussing imposing taxes on"
2026-06-23T08:47:32.000Z,511,57,28,"memory; price","https://x.com/jukan05/status/2069341573750673728","Counterpoint Research just published a piece, and they mentioned that “a sharp correction in memory prices from the second half of 2027 cannot be completely ruled out.”  Just keep this in mind. Sharing this does not mean I fully agree with their view."
2026-06-23T08:47:32.000Z,34,,1,"","https://x.com/jukan05/status/2069341575948407284",""
2026-06-23T04:36:20.000Z,1.2K,75,51,"micron; memory; ics","https://x.com/jukan05/status/2069278356193919073","Why overcomplicate it? Micron is trying to build a strong relationship with Anthropic early on and make Anthropic more dependent on Micron. Anthropic is likely to consume more and more memory over time, especially as it moves toward designing its own ASICs, so Micron needs to"
2026-06-23T03:51:03.000Z,265,26,14,"mediatek; supply chain; ai","https://x.com/jukan05/status/2069266963965350136","FundaAI:  ""TPU Update  On the previously mentioned cancellation of Pumafish, we maintain ourcurrent view. We have not observed any progress regarding a restart of Pumafishfrom the supply chain side.  Also on MediaTek, we are raising the life cycle volume expectations for"
2026-06-23T04:18:34.000Z,50,,1,"","https://x.com/jukan05/status/2069273885598724279","Update:"
2026-06-23T03:51:04.000Z,10,,2,"","https://x.com/jukan05/status/2069266966058320098","https:// open.substack.com/chat/posts/1ca 2aae4-ca8f-49fc-b5a1-0e8b64bd8ec6 …"
2026-06-23T03:36:47.000Z,328,49,13,"dram; ddr5; lpddr; intel; memory; demand; price; ai","https://x.com/jukan05/status/2069263371766219092","Q2 Consumer LPDDR5X Prices Rise 89%  Market research firm SigmaIntell announced on the 22nd that prices for consumer product categories rose in the second quarter of this year due to a memory supply and demand imbalance.  In the low power DRAM (LPDDR) product category, the price"
2026-06-23T03:36:48.000Z,23,2,,"","https://x.com/jukan05/status/2069263374706516009",""
2026-06-23T03:07:55.000Z,516,6,44,"memory","https://x.com/jukan05/status/2069256105528881260","Seems like quite a few people bought memory after seeing me pounding the table on the memory cycle back last September, when my account was still tiny.  Congrats to everyone who held on!"
2026-06-23T01:10:08.000Z,423,58,29,"chip; data center; ai","https://x.com/jukan05/status/2069226465812713682","Morgan Stanley updated its modeling for China AI chips, and the particularly interesting part is that they expect Chinese companies to start deploying Chinese-made AI accelerators in overseas regional data centers outside China from 2028 onward."
2026-06-22T23:53:37.000Z,685,144,22,"dram; hbm; sk hynix; memory; ai","https://x.com/jukan05/status/2069207209133887767","SK Hynix Throttles HBM4 Production… Seeks Additional Profit by Expanding Supply Constrained Commodity DRAM  SK Hynix is moderating the pace of its sixth generation high bandwidth memory (HBM4) ramp and placing greater weight on capturing the commodity DRAM market. With its HBM"
2026-06-22T23:21:44.000Z,364,44,10,"hbm; samsung; memory; ics","https://x.com/jukan05/status/2069199186516701474","Samsung Electronics HBM4 Revenue Tops $1 Billion, Just Four Months After Becoming First to Mass Produce  Samsung Electronics' sixth generation high bandwidth memory (HBM), HBM4, is reported to have become the first in the industry to surpass $1 billion (about 1.54 trillion won)"
2026-06-22T23:21:45.000Z,18,,1,"","https://x.com/jukan05/status/2069199188878086340",""
2026-06-22T11:22:07.000Z,388,9,14,"","https://x.com/jukan05/status/2069018089304531011","Sharing without comment."
2026-06-22T11:19:10.000Z,594,86,19,"chip; memory","https://x.com/mingchikuo/status/2069017348384899551","Contrary to recent market rumors, my latest industry checks indicate that Google currently has no concrete plan to procure memory chips from CXMT."
2026-06-22T07:37:22.000Z,397,47,19,"semiconductor; memory; demand; price; shortage; ai","https://x.com/jukan05/status/2068961529484193930","Korea's June Memory Semiconductor Exports Poised to Set a New All Time Record  June memory semiconductor exports extended their powerful upward run, with both export value and unit prices surging together on the back of AI demand and supply shortages. In particular, as the"
2026-06-22T07:37:23.000Z,30,2,2,"","https://x.com/jukan05/status/2068961531455578398",""
2026-06-22T05:42:12.000Z,199,23,9,"samsung; qualcomm; data center; ics; ai","https://x.com/jukan05/status/2068932544347980289","Samsung Electro Mechanics Begins Mass Production of FC BGA for Qualcomm's ""AI200,"" Expanding Collaboration into the Data Center Segment  Samsung Electro Mechanics has begun mass production of the package substrate that will be used in Qualcomm's first data center artificial"
2026-06-22T05:42:12.000Z,21,,,"","https://x.com/jukan05/status/2068932546285666447",""
2026-06-22T05:16:33.000Z,435,30,15,"chip; mediatek; price","https://x.com/jukan05/status/2068926089800593705","""My latest industry checks indicate that Google is developing an upgraded v9 chip, likely codenamed Triggerfish, based on TPU v9 / Humufish, with MediaTek exclusively securing this new, higher-priced order.  (...)  The project also further confirms MediaTek as Google’s preferred"
2026-06-22T05:10:39.000Z,428,75,32,"chip; mediatek; ai","https://x.com/mingchikuo/status/2068924606329598079","Google and MediaTek Deepen TPU v9 Collaboration with Upgraded Triggerfish, Targeting AI Agents, Reinforcement Learning, and Effective Compute Maximization  1. My latest industry checks indicate that Google is developing an upgraded v9 chip, likely codenamed Triggerfish, based on"
2026-06-22T03:44:47.000Z,859,102,33,"samsung; sk hynix; ics","https://x.com/jukan05/status/2068902999074963474","Just in: SK hynix’s market cap (KRW 209.10687 trillion) has surpassed Samsung Electronics’ market cap (KRW 209.0446 trillion, excluding preferred shares)."
2026-06-22T03:14:22.000Z,1.4K,262,61,"memory; price","https://x.com/jukan05/status/2068895341706109191","If it really plays out like this… lol, that would be amazing.  Jefferies held an expert call with a memory consultant, and according to this expert, memory prices are expected to rise 40–50% QoQ in 3Q26, followed by another 30–40% QoQ increase in 4Q26.  This is significantly"
2026-06-22T00:58:52.000Z,295,66,7,"tsmc; ai","https://x.com/dnystedt/status/2068861242761241062","Story includes list of suppliers to TSMC's CoPoS pilot line. Really outstanding article. (AI helped, company names confirmed):  Breakdown of TSMC’s CoPoS Equipment List  1. Lithography and Coating TSMC has introduced a highly comprehensive lineup for exposure and coating"
2026-06-21T23:10:33.000Z,278,35,15,"semiconductor; samsung; intel; ics; ai","https://x.com/jukan05/status/2068833982037565498","Samsung Electronics Breaks Ground in Earnest on Its Last Pyeongtaek Semiconductor Fab  Samsung Electronics has begun preparations to break ground on ""P5 Fab 2,"" the final fab at its Pyeongtaek campus in Gyeonggi Province. As a wave of artificial intelligence (AI) infrastructure"
2026-06-21T23:10:33.000Z,29,,1,"","https://x.com/jukan05/status/2068833984034042158",""
2026-06-21T09:32:29.000Z,396,49,25,"","https://x.com/jukan05/status/2068628109226918029","Korean media reported that CXMT employees who received equity incentives ahead of the company’s listing could end up holding shares worth hundreds of thousands of dollars per person.  This is because CXMT granted large-scale equity awards in 2021 and 2023 to around 7,000 core"
2026-06-21T09:32:29.000Z,44,2,1,"","https://x.com/jukan05/status/2068628112137674975",""
2026-06-21T07:21:19.000Z,847,143,37,"nand; nvidia; demand; ai","https://x.com/jukan05/status/2068595103233671513","This is a great piece explaining why Nvidia’s CMX rack could drive massive NAND demand. I highly recommend giving it a read."
2026-06-21T05:55:23.000Z,1.2K,124,86,"micron","https://x.com/jukan05/status/2068573474453684291","What do you think about Micron’s earnings? I read Citi’s preview report, and their ASP assumptions looked way too conservative. If consensus is around that level, I’m starting to think Micron could potentially deliver an upside surprise this quarter.   $MU"
2026-06-21T03:56:43.000Z,686,24,20,"dram","https://x.com/jukan05/status/2068543612963770501","Honestly, if I had hoarded physical boxes of DRAM last September instead of buying DRAM stocks, I probably would’ve made way more money!  I actually have a friend who did exactly that and made money from it…"
2026-06-21T03:52:25.000Z,644,31,27,"memory","https://x.com/citrini/status/2068542531042709996","So  @jukan05  has been saying how glad he is that his income is in USD because KRW keeps going down, seems like a good opportunity to test his conviction on memory."
2026-06-21T02:03:26.000Z,538,75,28,"dram; semiconductor; price","https://x.com/jukan05/status/2068515104103285190","Korea’s June semiconductor export unit prices (Historical figures are based on full-month data, while June 2026 figures are based on June 1–20 preliminary data)  - DRAM (excluding modules) export unit price: $82,260/kg, up 576% Y/Y and up 6% M/M - DRAM (including modules) export"
2026-06-21T01:17:39.000Z,414,64,3,"semiconductor; ml","https://x.com/jukan05/status/2068503582803197993","South Korea Preliminary Exports (June 1–20)  - MLCC: +24% YoY, +23% MoM - Semiconductor Manufacturing Equipment: +38% YoY, +43% MoM"
2026-06-21T01:09:34.000Z,719,145,15,"nand; dram; hbm; memory; ssd","https://x.com/jukan05/status/2068501546313437419","South Korea Preliminary Exports (June 1–20)  - DRAM (including modules): +342% YoY, +3% MoM - Flash Memory (NAND): +336% YoY, +28% MoM - SSD: +405% YoY, +25% MoM - MCP (HBM): +209% YoY, +51% MoM"
2026-06-21T00:22:23.000Z,210,26,10,"hbm; memory; server","https://x.com/jukan05/status/2068489675510268060","JEDEC Ratifies 'SPHBM4' Standard; Glass Substrate Utility Draws Attention  The Joint Electron Device Engineering Council (JEDEC) has ratified a new standard that broadens the addressable scope of high bandwidth memory (HBM). Industry observers suggest that, alongside a shift in"
2026-06-21T00:22:24.000Z,21,1,3,"","https://x.com/jukan05/status/2068489677590696216",""
2026-06-20T12:21:58.000Z,423,45,40,"memory","https://x.com/jukan05/status/2068308376434671713","There have been reports since February that HP, Dell, and others have been evaluating Chinese memory, but it seems like they still haven’t made a decision.  (The following is from today’s Wall Street Journal article.)"
2026-06-20T12:21:59.000Z,37,3,1,"","https://x.com/jukan05/status/2068308379605623270",""
2026-06-20T08:39:26.000Z,780,65,48,"memory; price","https://x.com/jukan05/status/2068252372162453947","More and more sell-side firms are saying that higher memory prices are becoming an inflationary headwind."
2026-06-20T06:10:06.000Z,1.5K,152,36,"chip; datacenter; cpu; capacity; semianalysis; ics; ai","https://x.com/jukan05/status/2068214793333526718","Weekend reading recommendations:  • JPMorgan — AI Drives Resurgence in Custom Chips (ASICs): ASIC Market Overview/Update • SemiAnalysis — Stop Saying Half of 2026 US Datacenter Capacity Is Canceled • Bernstein — Global Semis: The CPU Renaissance? Beneficiaries of a $223bn"
2026-06-20T05:24:13.000Z,481,16,18,"","https://x.com/jukan05/status/2068203243700924430","The basket has delivered a pretty solid return so far.  Considering the starting date was April 27, I think the performance has been quite respectable.  You can view the basket here:  https:// citrindex.com/dashboard/bask ets/JKNSB …"
2026-06-20T02:25:38.000Z,307,49,19,"chip; price; ai","https://x.com/jukan05/status/2068158302035611724","Taiwan Makers Poised to Raise Chip Resistor Prices as China Players Hike and the Price Gap Narrows  As Taiwanese chip resistor makers shift to selective order taking and cull orders that carry no profit, low price chip resistor orders are flowing to Chinese chip resistor makers."
2026-06-20T02:25:39.000Z,17,,,"","https://x.com/jukan05/status/2068158305101647940",""
2026-06-20T01:44:13.000Z,299,4,18,"","https://x.com/jukan05/status/2068147878976266414","I do not send DMs first, I do not run any WhatsApp investment groups, and I do not send messages through Substack DMs.  It is extremely rare for me to DM anyone first. The only accounts I operate are  @jukan05  on X and  @jukan  on Substack."
2026-06-19T23:05:41.000Z,1.3K,230,38,"price","https://x.com/jukan05/status/2068107984908251479","JPM just updated its price target for Kioxia, implying 42.7% upside from the current share price."
2026-06-19T08:24:46.000Z,1.1K,181,77,"","https://x.com/jukan05/status/2067886292877377567","A feature article from a major Korean media outlet says that Korea’s top young talent is increasingly looking to attend China’s elite engineering universities instead of Korean universities.  The Korean media outlet argues that the era when China copied Korean technology and"
2026-06-19T08:24:47.000Z,57,4,2,"","https://x.com/jukan05/status/2067886295888929251",""
2026-06-19T07:03:31.000Z,677,90,69,"chip; nvidia; ai","https://x.com/jukan05/status/2067865844689056191","""Some neo-clouds worry that they can’t stray from buying Nvidia’s full stack of hardware for fear of being put in “Jensen jail,” meaning they might lose their allocations of Nvidia chips, said Adam Fisher, a partner at Bessemer Venture Partners.""  It seems Jensen Huang is"
2026-06-19T07:03:31.000Z,39,,1,"","https://x.com/jukan05/status/2067865847688016246",""
2026-06-19T04:35:23.000Z,276,16,13,"nvidia; server; ai server; shipment; ai","https://x.com/jukan05/status/2067828569246691788","- According to the industry, due to the low yields of advanced glass fiber cloth such as T glass and Low Dk, NVIDIA has recently accepted a mixed application of T glass and E glass by suppliers in order to pull forward shipments of high end AI servers.  Very interesting"
2026-06-19T04:34:18.000Z,194,23,10,"demand; price; ai","https://x.com/jukan05/status/2067828295232786898",">> Nan Ya E Glass Sees Hot Demand as Price Hikes Loom; President Chou Ming-jen Says Talks with Customers Continue  - According to the latest disclosure from Kingboard, a leading CCL maker in mainland China, the price of glass fiber E glass raw material will be raised by 15%"
2026-06-19T04:34:19.000Z,20,1,1,"","https://x.com/jukan05/status/2067828297300574590",""
2026-06-19T01:13:00.000Z,950,98,69,"ml","https://x.com/jukan05/status/2067777637192434052","Holy shit, the U.S. government suspects that ASML exported EUV tools to China, or exported EUV components to China."
2026-06-19T01:15:20.000Z,31,,2,"","https://x.com/jukan05/status/2067778221236727809",""
2026-06-19T00:24:31.000Z,494,39,18,"","https://x.com/jukan05/status/2067765436289327207",""
2026-06-18T16:23:04.000Z,285,15,9,"memory","https://x.com/zephyr_z9/status/2067644274150342699","Did u listen to us, anon?? Read the January semis memo  https:// citriniresearch.com/p/semis-memo-m uscle-memory …"
2026-06-18T15:53:15.000Z,401,55,16,"intel; ai","https://x.com/jukan05/status/2067636769856860367","Wow. According to  @FundaAI , UMC is collaborating with Intel not only on 12nm, but also in the 3nm space.   $INTC"
2026-06-18T15:54:10.000Z,15,1,1,"ai","https://x.com/jukan05/status/2067637000665207280","https:// open.substack.com/pub/fundaai/p/ deepumc-utr-climbing-qoq-entering?r=4k4uta&utm_campaign=post-expanded-share&utm_medium=web …"
2026-06-18T13:55:45.000Z,299,11,26,"","https://x.com/jukan05/status/2067607199363526785","huh?"
2026-06-18T13:15:34.000Z,1.4K,87,24,"","https://x.com/jukan05/status/2067597086665986477",""
2026-06-18T08:43:32.000Z,1.5K,100,78,"samsung; sk hynix","https://x.com/jukan05/status/2067528626971799556","To lump Samsung and SK Hynix together with SpaceX is honestly pretty disrespectful."
2026-06-18T05:35:51.000Z,364,38,12,"","https://x.com/jukan05/status/2067481398332797367","Major silicon capacitor suppliers"
2026-06-18T04:56:12.000Z,1.6K,193,76,"intel; apple","https://x.com/jukan05/status/2067471416140964199","Breaking: President Donald Trump says Apple is working with Intel."
2026-06-18T04:02:42.000Z,360,29,17,"","https://x.com/jukan05/status/2067457952752279770","KOSPI 9000"
2026-06-18T02:53:16.000Z,445,61,17,"chip; tsmc; nvidia; ai","https://x.com/jukan05/status/2067440482524029088","""If all goes well, TSMC is aiming to start mass production of the glass core substrate in 4Q28–1Q29, to match the cadence of Nvidia's AI chip iterations.""  "
2026-06-18T02:00:10.000Z,760,80,65,"","https://x.com/jukan05/status/2067427117504283101","My God, I’m honestly beyond disappointed with the Trump administration.  SK Telecom has absolutely nothing to do with Huawei or China. In fact, the only Korean telecom operator that uses Huawei equipment is LG U+."
2026-06-18T01:27:26.000Z,932,103,29,"nvidia; apple; price; ai","https://x.com/jukan05/status/2067418881002725737","What caught my eye in the WSJ's Tim Cook interview was not so much Apple signaling that it will raise device prices, but rather its declaration that it intends to put its enormous cash pile to work.  Contrary to how the WSJ read it, I interpret this differently. Just as Nvidia"
2026-06-18T01:27:27.000Z,39,4,1,"","https://x.com/jukan05/status/2067418883649347713",""
2026-06-17T23:36:51.000Z,304,72,13,"#hbm4e; #ai; #skhynix; #hbm; #aimemory; hbm; memory; demand; ai","https://x.com/SKhynix/status/2067391049534947539","@SKhynix  has shipped samples of 12-layer #HBM4E, delivering up to 16Gbps per pin, over 20% improved power efficiency, and enhanced thermal performance for demanding #AI workloads.  Learn more   https:// news.skhynix.com/12-layer-hbm4e -sample/ …  #SKhynix #HBM #AImemory"
2026-06-17T23:16:35.000Z,642,33,34,"","https://x.com/jukan05/status/2067385949903040969","Oh shit"
2026-06-17T22:51:21.000Z,683,42,40,"samsung","https://x.com/jukan05/status/2067379602314711497","Samsung preferred is trading at a 40% discount to the common shares… Honestly, isn’t that way too cheap?"
2026-06-17T22:38:24.000Z,230,22,9,"nvidia; memory; server; ai server; supply chain; shipment; demand; ai","https://x.com/jukan05/status/2067376339691434198","[Exclusive] Winbond's NOR Flash enters NVIDIA's supply chain for the first time, taking aim at 50% market share  AI servers are driving an explosion in memory demand. NVIDIA's next generation Vera Rubin platform is scheduled to ramp into volume shipments in the second half of"
2026-06-17T22:38:24.000Z,26,1,2,"","https://x.com/jukan05/status/2067376342312915356",""
2026-06-17T22:18:38.000Z,183,28,11,"shortage; trendforce; ai; ml","https://x.com/jukan05/status/2067371368770109774"," CSP In House ASIC Boom Drives MLCC Specification Concentration; Structural Shortages of High End Specialty MLCCs May Emerge in 2H26, Says TrendForce  - According to TrendForce's latest MLCC industry survey, as the AI competition among global CSPs continues, the adoption of in"
2026-06-17T22:18:39.000Z,22,2,1,"","https://x.com/jukan05/status/2067371370653405230",""
2026-06-17T08:04:06.000Z,593,51,29,"","https://x.com/jukan05/status/2067156318016930044","JPMorgan’s Harlan Sur just published a report on AVGO — is this real? Is Broadcom really involved in Anthropic’s ASIC?"
2026-06-17T06:29:24.000Z,340,49,10,"dram; samsung; ics","https://x.com/jukan05/status/2067132483498639742","Samsung Electronics Preparing Mass Production of 10nm Class 7th Generation ""1d DRAM"" in First Half of Next Year  Samsung Electronics' next generation DRAM mass production plan is taking concrete shape. The company is currently developing equipment with multiple partners for the"
2026-06-17T06:29:24.000Z,30,1,1,"","https://x.com/jukan05/status/2067132485604127048",""
2026-06-17T05:04:17.000Z,1.1K,72,25,"sk hynix","https://x.com/jukan05/status/2067111063645261914","SK Hynix All time high"
2026-06-17T04:13:34.000Z,188,29,7,"semiconductor; chip; supply chain; demand; packaging; ai","https://x.com/jukan05/status/2067098300801843678"," Ajinomoto's chip film faces supply test as AI demand climbs  - As growing AI chip demand translates into supply chain pressure for advanced packaging materials, Ajinomoto's ABF is once again drawing attention as a key insulating material for high performance semiconductor"
2026-06-17T04:13:34.000Z,24,1,,"","https://x.com/jukan05/status/2067098302689218620",""
2026-06-17T03:54:57.000Z,808,114,17,"foundry; samsung; amd; cpu","https://x.com/jukan05/status/2067093616183677033","Samsung is reportedly in talks with AMD to manufacture CPUs through its foundry business, with mass production expected in 2028.  LFG!"
2026-06-17T03:51:30.000Z,390,58,15,"chip; samsung; amd; capacity; demand; ics; ai","https://x.com/jukan05/status/2067092746364748272","Samsung sees rising chip production requests from BYD, Google, AMD- Nikkei Asia  BYD, Google, AMD, Tesla and others are looking increasingly to Samsung Electronics for contract chipmaking services as surging demand for AI infrastructure strains the advanced chipmaking capacity of"
2026-06-17T03:51:30.000Z,20,2,1,"","https://x.com/jukan05/status/2067092749032251765",""
2026-06-17T00:20:07.000Z,405,66,23,"","https://x.com/jukan05/status/2067039551294705733","Reuters: U.S. had planned to designate more than 100 companies, including DeepSeek and CXMT, as national security risks and add them to its trade blacklist, but has put the move on hold."
2026-06-17T00:20:07.000Z,20,2,1,"","https://x.com/jukan05/status/2067039553635152326",""
2026-06-17T00:04:59.000Z,662,87,20,"sk hynix; ai","https://x.com/jukan05/status/2067035744246583343","SK hynix Expected to Generate Over $75 Billion in Gains from Kioxia Stake Investment  - SK hynix is estimated to have realized KRW 40 trillion, or USD 26.46 billion, in gains from Bain Capital’s sale of its Kioxia stake. - However, SK hynix still holds a 14–15% stake in Kioxia in"
2026-06-16T23:28:12.000Z,463,43,14,"","https://x.com/jukan05/status/2067026485010108715","""We’ve also heard anecdotal checks/chatter of Vera Rubin rental pricing being better than expected which is allowing neoclouds to take more pricing."" via  @TMTBreakout    Bullish Neocloud? "
2026-06-16T22:30:47.000Z,188,31,9,"ics; ai","https://x.com/jukan05/status/2067012038220726527","[Exclusive] Largan and Sunny Optical chase the holy grail of FAU precision; laser equipment maker Han's Laser becomes a key player  Taiwanese optics leader Largan Precision has announced that it is spending NT$650 million to purchase machinery from Han's Laser, the major Chinese"
2026-06-16T22:30:48.000Z,19,1,1,"","https://x.com/jukan05/status/2067012040628298094",""
2026-06-16T20:52:58.000Z,358,66,14,"capacity; price; ai; ml","https://x.com/jukan05/status/2066987421909266489",">> MLCC Prices Surging? Reporter Visits Huaqiangbei in Shenzhen to Investigate — Shanghai Securities News  - According to merchants in Shenzhen’s Huaqiangbei, prices of some high-capacity MLCCs have risen 3–5x over the past month, while certain models have surged by as much as"
2026-06-16T20:52:59.000Z,18,2,1,"ai","https://x.com/jukan05/status/2066987424102936900","https:// cnstock.com/commonDetail/7 30428 …"
2026-06-16T14:56:10.000Z,275,19,16,"","https://x.com/jukan05/status/2066897627338395846","• CPO scale-out small volume in late-3Q26 → scale-up 2H27 (NVL576) • HVDC ramp 4Q26 (800VDC/660kw)  "
2026-06-16T13:33:19.000Z,1.2K,17,151,"","https://x.com/jukan05/status/2066876780225634531","I’ve reached 150,000 followers. It’s honestly hard to put into words how much this means to me.  At the same time, it can feel a bit overwhelming. In Chinese communities, some people refer to me as a KOL, and I often see my tweets being screenshotted and shared across WeChat"
2026-06-16T11:22:49.000Z,261,35,20,"apple; iphone","https://x.com/jukan05/status/2066843939320258703","Korean media: Huawei to accelerate the launch of the Mate 90 series, with a release expected as early as August–September this year, in a direct challenge to Apple’s iPhone lineup.  - Huawei’s decision to intentionally move the Mate 90 launch closer to the iPhone release window"
2026-06-16T11:22:50.000Z,17,,1,"","https://x.com/jukan05/status/2066843941413257383",""
2026-06-16T08:37:46.000Z,591,94,20,"sk hynix","https://x.com/jukan05/status/2066802401634631827","Korean Media: SK Hynix Preparing Massive $66.4 Billion Shareholder Return Program Following ADR Listing  - Korean media report that SK Hynix is expected to announce a large-scale shareholder return program worth approximately $66.4 billion after its ADR listing. - To minimize"
2026-06-16T08:37:47.000Z,29,1,1,"","https://x.com/jukan05/status/2066802404331602294",""
2026-06-16T07:26:40.000Z,656,122,21,"sk hynix; ai","https://x.com/jukan05/status/2066784507726815305","Korean Media: SK Hynix ADR Listing Expected in Mid-July  - According to Korean media reports, SK Hynix’s ADR listing process is in its final stages, with only SEC approval remaining.  - Citing sources familiar with the matter, Korean media reported that the ADR listing is now"
2026-06-16T07:26:41.000Z,25,4,1,"","https://x.com/jukan05/status/2066784511355187643",""
2026-06-16T05:19:44.000Z,911,125,54,"ai","https://x.com/jukan05/status/2066752564809605584","DeepSeek Completes First External Funding Round, Raising $7.4 Billion  - DeepSeek has completed its first external fundraising round, raising more than RMB 50 billion (approximately $7.4 billion). The company was reportedly valued at over $50 billion. - Investors are investing"
2026-06-16T05:19:45.000Z,27,1,,"","https://x.com/jukan05/status/2066752567397539967",""
2026-06-16T04:04:57.000Z,260,29,18,"supply chain; capacity; ai","https://x.com/jukan05/status/2066733744686551332","Supply security over cost: Google leads CSP charge to diversify InP substrate sourcing  China has recently eased controls on some indium phosphide (InP) substrates, relieving a bottleneck in optical communications capacity for the second half of the year. But supply chain players"
2026-06-16T04:04:57.000Z,23,,1,"","https://x.com/jukan05/status/2066733746884329905",""
2026-06-16T03:06:22.000Z,883,134,28,"sk hynix; price; ai","https://x.com/jukan05/status/2066719002249056394","Aletheia Capital raises its SK Hynix price target to KRW 5.3 million  Based on:  10x CY27E FCF 10x P/E  This implies 125% upside from the current share price."
2026-06-16T02:18:48.000Z,969,109,26,"amd; memory; ai","https://x.com/citrini/status/2066707029775802780","AMD and AAPL both, in different ways, have announced a focus on flash as a way to reduce the AI memory tax. We wrote about this in our State of the Themes last week."
2026-06-16T01:03:02.000Z,445,7,29,"","https://x.com/jukan05/status/2066687962407166055","SpaceX touched a $3 trillion market cap earlier. It’s off those highs now, but the volatility is wild."
2026-06-15T23:01:31.000Z,518,40,38,"qualcomm","https://x.com/jukan05/status/2066657381740933419","Qualcomm’s board should replace the current management team and bring Jim Keller in as CEO."
2026-06-15T23:01:32.000Z,19,3,4,"","https://x.com/jukan05/status/2066657385696067944",""
2026-06-15T22:38:22.000Z,292,44,36,"chip; tsmc; capacity; demand; packaging; cowos; ai","https://x.com/jukan05/status/2066651558784463190","TSMC Teams Up with Ibiden and Innolux to Push CoPoS — Reportedly Flooring the Accelerator in Glass Substrates  To meet robust AI chip demand, TSMC is not only ramping CoWoS advanced packaging capacity but has, for the first time, disclosed progress on its ""glass substrate"""
2026-06-15T22:38:23.000Z,24,,6,"","https://x.com/jukan05/status/2066651561254871428",""
2026-06-15T22:35:35.000Z,352,32,26,"tsmc","https://x.com/jukan05/status/2066650855923966013","Sources: TSMC Working with Ibiden and Innolux on CoPoS Glass Substrate Development Project- Digitimes"
2026-06-15T13:46:41.000Z,208,30,,"ai","https://x.com/sssjeffpu/status/2066517754166100292","Abstract of Marvell (MRVL) Note   Custom XPUs, Google attach silicon (multi-billion TAM), AI interconnects •Google’s CXL/DPU attach content/rate per TPU higher than expected; v10ax bidding still ongoing •MSFT on track for Maia300 ramp (~300k units in 2027) •Likelihood of"
2026-06-15T13:15:06.000Z,249,7,43,"ai","https://x.com/jukan05/status/2066509805548863499","Can someone explain to me what the hell Le Chaton Fat is?"
2026-06-15T12:08:13.000Z,859,74,29,"","https://x.com/jukan05/status/2066492974868070504","This is an excellent report. I highly recommend reading it."
2026-06-15T08:44:27.000Z,521,93,13,"chip; foundry; samsung","https://x.com/jukan05/status/2066441693835190402","Exclusive: Samsung Foundry Developing Next-Generation Chip for Neuralink  To Be Manufactured on Samsung’s 4nm Process  Pilot production began a month ago, with mass production targeted for late next year."
2026-06-15T01:32:25.000Z,794,78,24,"","https://x.com/citrini/status/2066332970655289625","It’s been a minute since we wrote a macro memo, we were overdue for one.  Here’s the latest in what we’re thinking:"
2026-06-15T05:19:42.000Z,551,67,18,"tsmc; supply chain; ai","https://x.com/jukan05/status/2066390166412120500","Breaking: TSMC is building out its materials, components, and equipment supply chain for CoPoS, targeting mass production next year, according to South Korea’s ETNews."
2026-06-15T05:13:47.000Z,313,55,20,"semiconductor; tsmc; samsung; panel; ics; packaging","https://x.com/jukan05/status/2066388680902861028","TSMC Preparing for Full-Scale Mass Production of ""Panel-Level Packaging (PLP)"" Semiconductors  TSMC is set to go head-to-head with Samsung Electronics using ""panel-level packaging (PLP),"" a next-generation semiconductor packaging technology. PLP can significantly improve the"
2026-06-15T05:13:48.000Z,18,,2,"","https://x.com/jukan05/status/2066388683587256785",""
2026-06-15T04:42:34.000Z,226,18,12,"price; ics; ai; ml","https://x.com/jukan05/status/2066380824958951735","Reason behind the surge in Chinese A-share CCL stocks:  >>Shenzhen MLS Co., Ltd. / MLS Co., Ltd. ( http:// 002745.SZ) raises PCB prices by 20% across all product lines  • Xinyu MLS Electronics Co., Ltd., a wholly owned subsidiary of MLS Co., Ltd., recently stated that due"
2026-06-15T04:21:47.000Z,284,54,19,"semiconductor; shipment; capacity","https://x.com/jukan05/status/2066375594481439123"," China eases InP substrate exports, lifting compound semiconductor supply  • China has approved new shipments of export-controlled InP substrates. Following partial approvals in 2025, the first 2026 batch shipped in late May, easing capacity bottlenecks in the optical"
2026-06-15T04:21:48.000Z,25,,,"","https://x.com/jukan05/status/2066375598109602122",""
2026-06-15T03:55:56.000Z,3.3K,243,72,"","https://x.com/jukan05/status/2066369086842605996","Shared without comment."
2026-06-15T01:31:13.000Z,4.2K,962,259,"","https://x.com/AndrewCurran_/status/2066332670817456584",""
2026-06-15T01:59:39.000Z,165,10,13,"wafer; price","https://x.com/jukan05/status/2066339825633091909","Doosan’s share price decline today was due to SK Group effectively scrapping the sale of its wafer maker, SK Siltron, to Doosan.  Honestly, this makes perfect sense. They are just entering the wafer LTA renewal window, so selling it now would have meant leaving too much value on"
2026-06-15T01:55:56.000Z,147,10,11,"server; price; ai","https://x.com/jukan05/status/2066338889841967412","""Price raise for ODMs started for consumers and servers: We expect low-cap prices (i.e., 102-104) for ODMs to be up by 5-100% in 3Q26, followed by 15-30% for higher-cap 105/106 Industrials/servers in 4Q26.   Resistors to kick off price hikes in 3Q26, likely ~50% for ODMs""  "
2026-04-22T03:02:14.000Z,1.2K,221,47,"nvidia; data center","https://x.com/jukan05/status/2046786630296674532","NVIDIA has reportedly visited Korean power equipment companies and asked them to design data center infrastructure around an 800V-class DC architecture, according to Korean media.  This is being interpreted as an effort to minimize power conversion losses in order to handle the"
2026-06-14T23:27:34.000Z,444,93,32,"shipment; ai","https://x.com/jukan05/status/2066301552126754897","Taiwanese Media: Vera Rubin to Adopt 800V HVDC, With Small-Volume Shipments Starting in Q3"
2026-06-14T23:13:22.000Z,176,16,12,"nvidia; server; ai server; arm; ai","https://x.com/jukan05/status/2066297977594110324","Pharmicell, Exclusive Supplier of Core CCL Material for NVIDIA AI Servers to Doosan  Pharmicell, whose core businesses are bio/pharmaceuticals and advanced materials, has been identified as the exclusive supplier of copper-clad laminate (CCL) raw materials for AI servers to"
2026-06-14T23:13:23.000Z,67,9,2,"","https://x.com/jukan05/status/2066297980010090502",""
2026-06-14T22:20:54.000Z,794,77,22,"samsung; memory; semianalysis","https://x.com/jukan05/status/2066284771991491068","As soon as I woke up this morning, I read SemiAnalysis’ Huawei Kirin die-shot analysis piece that came out yesterday, and I was pretty surprised.  What particularly caught my eye was the memory section.  Specifically, Huawei appears to be using a mix of CXMT and Samsung memory in"
2026-06-14T22:20:54.000Z,39,3,1,"","https://x.com/jukan05/status/2066284774713688572",""
2026-06-14T12:20:15.000Z,860,124,35,"dram; hbm; demand; ai","https://x.com/jukan05/status/2066133616577724740","The shift brought about by HBM:  - From 1957 to 2020, DRAM cost per Gb declined by roughly one order of magnitude every five years, making it one of the clearest examples of Moore’s Law in cost terms.  - However, demand for AI infrastructure and the emergence of HBM have directly"
2026-06-10T12:29:25.000Z,12K,2.4K,233,"","https://x.com/itsreallyvivek/status/2064686372737454155",""
2026-06-14T04:39:15.000Z,480,73,24,"demand; shortage; ai; ml","https://x.com/jukan05/status/2066017599553696140",">>MLCC Industry Faces ""Longest Shortage Cycle in History""… Supply Deficit Expected to Persist Beyond 2027  - Major Taiwanese MLCC makers—Yageo, Walsin, Holy Stone, and PDC—are strongly upbeat on the industry outlook, driven by AI demand. The industry believes this shortage could"
2026-06-14T04:39:15.000Z,21,2,2,"","https://x.com/jukan05/status/2066017601550270863",""
2026-06-14T02:04:03.000Z,1.5K,221,8,"supply chain; trendforce; ai","https://x.com/jukan05/status/2065978544271098335","LMAO, TrendForce just revealed the entire CoPoS supply chain lol."
2026-06-14T01:55:37.000Z,874,136,35,"panel; packaging; ai","https://x.com/jukan05/status/2065976420858528245","Explain why panel-level packaging is the future in one picture:"
2026-06-14T01:50:23.000Z,294,47,7,"samsung; server; ai server; ics; ai; ml","https://x.com/jukan05/status/2065975102953632101","Samsung Electro-Mechanics Expands Beyond MLCCs into Silicon Capacitor Business  Samsung Electro-Mechanics is in discussions with multiple global Big Tech companies to supply silicon capacitors (Si-Cap) for AI servers. The company is rapidly emerging as a major supplier alongside"
2026-06-14T01:50:23.000Z,19,4,2,"","https://x.com/jukan05/status/2065975105084440647",""
2026-06-14T00:15:07.000Z,559,77,20,"ai","https://x.com/jukan05/status/2065951129742262556","This is a Nikkei article that personally gives me many insights.  Back when Jensen Huang used to visit only Taiwan and China without stopping in Korea, Korean media was loudly making a fuss, claiming that big tech companies were bypassing Korea, with the term ""Korea-passing"
2026-06-14T00:15:08.000Z,17,,2,"","https://x.com/jukan05/status/2065951132854489590",""
2026-06-13T04:15:24.000Z,1.1K,122,57,"semiconductor; memory","https://x.com/jukan05/status/2065649211585204705","The unfortunate reality is that while models may become commoditized, semiconductors will not.  And the leading-edge foundries that manufacture those semiconductors are effectively oligopolized by three countries.  Memory, meanwhile, is oligopolized by two countries.  In the end,"
2026-06-13T04:17:48.000Z,233,16,13,"llm","https://x.com/jukan05/status/2065649814264746317","Put simply, the belief that countries can just import and use LLMs from the U.S. has been shattered.  Because this means the U.S. can cut them off at any time."
2026-06-13T04:09:57.000Z,1.1K,86,58,"ai","https://x.com/jukan05/status/2065647840542773665","Anyway, this Anthropic-related measure basically proves that sovereign AI isn’t just hype, it’s a project that everyone genuinely has to rush into.  France is quite lucky.  SoftBank has announced a large-scale investment, and France also has domestic AI labs…  Is Japan the loser"
2026-06-13T02:15:54.000Z,2.2K,187,141,"memory","https://x.com/jukan05/status/2065619139671331291","Mr. President, since the U.S. has imposed export controls on Fable 5 exports to Korea, Korea should impose memory export controls on the U.S.  @Jaemyung_Lee"
2026-06-13T02:10:16.000Z,446,15,34,"ai","https://x.com/jukan05/status/2065617719337390550","""Temporarily unavailable"""
2026-06-13T02:06:19.000Z,1.3K,46,178,"","https://x.com/jukan05/status/2065616727220924488","Do I have to immigrate to the U.S. to use Fable 5?"
2026-06-12T23:41:13.000Z,497,36,16,"ai","https://x.com/jukan05/status/2065580211245330560","Wow, this is genuinely awful. AI accelerator development takes two years until launch, and yet they evaluate the performance of the people working on it every six months? This is exactly why MTIA is shit."
2026-06-12T23:41:14.000Z,28,,1,"","https://x.com/jukan05/status/2065580213749293161",""
2026-06-12T12:26:19.000Z,200,32,10,"nvidia; ics","https://x.com/jukan05/status/2065410366059000010","《GF Overseas Electronics & Communications》   CCL: PTFE material adopted for orthogonal backplanes   Nvidia has confirmed the adoption of PTFE as the core material for Rubin Ultra orthogonal backplanes. Below is our related analysis.   Orthogonal backplanes officially"
2026-06-12T08:44:53.000Z,303,17,11,"tsmc; intel; cowos; ai","https://x.com/jukan05/status/2065354641278390299","LMAO, apparently one of Intel’s Fellows once considered suing TSMC, claiming that TSMC’s CoWoS-L copied Intel’s silicon bridge concept lol."
2026-06-12T08:44:54.000Z,21,1,,"tsmc; cowos; ai","https://x.com/jukan05/status/2065354643979604360","https:// open.substack.com/pub/cwnewsroom /p/could-google-next-tpu-shift-back-to-tsmc-inside-the-emib-cowos-battle?r=4k4uta&utm_campaign=post-expanded-share&utm_medium=web …"
2026-06-12T06:29:40.000Z,599,66,27,"nvidia; data center; cpu; ai","https://x.com/jukan05/status/2065320613196263904","Nvidia has told its Chinese customers that its new AI data center CPU, Vera, could launch as early as August and that they may begin placing orders, according to Reuters."
2026-06-12T06:29:41.000Z,20,1,,"","https://x.com/jukan05/status/2065320615884865780",""
2026-06-12T05:47:44.000Z,669,94,48,"","https://x.com/jukan05/status/2065310060918759638","Bruh"
2026-06-12T05:13:44.000Z,1K,71,52,"semiconductor","https://x.com/jukan05/status/2065301503179681829","Today, Hanmi Semiconductor, a Korean semiconductor equipment company with a market cap of around $20 billion, surged 23% after disclosing that it would invest $32.8 million in SpaceX.  This is not rational…"
2026-06-12T05:08:44.000Z,1.9K,52,74,"","https://x.com/jukan05/status/2065300245798588668","…..I didn’t expect this to become a meme."
2026-06-12T01:37:26.000Z,205,22,15,"sk hynix","https://x.com/jukan05/status/2065247070282494027","Following the incident two days ago, another accident reportedly occurred today at SK hynix’s Cheongju fab — this time at M15X — where a fire broke out in a gas room, forcing employees to evacuate urgently."
2026-06-12T01:37:59.000Z,17,1,1,"sk hynix","https://x.com/jukan05/status/2065247207037784553","Chemical exposure accident at SK Hynix’s Cheongju site… two people transported to hospital   https:// joongang.co.kr/article/254356 53 …"
2026-06-11T23:57:38.000Z,306,46,21,"nvidia; supply chain; demand; ai","https://x.com/jukan05/status/2065221955322843194"," NVIDIA takes PCB material competition upstream as HVLP4 copper foil gap widens  - With high-end PCB orders rising on expanding AI infrastructure demand, new bottlenecks are emerging in the upstream CCL supply chain; following T-glass fiberglass cloth, HVLP4 copper foil is"
2026-06-11T23:57:39.000Z,30,1,2,"","https://x.com/jukan05/status/2065221957218697600",""
2026-06-11T22:41:03.000Z,488,61,19,"dram; semiconductor; price; ai","https://x.com/jukan05/status/2065202679606030628","According to a Chinese sell-side team’s meeting with a Japanese semiconductor equipment company, TEL clearly stated during the discussion that it is pushing for price increases.  TEL also said it has received explicit requests from DRAM and advanced logic customers for earlier"
2026-06-11T13:15:03.000Z,355,46,23,"foundry; samsung","https://x.com/jukan05/status/2065060243810496644","The Information: Google is considering producing the I/O die for TPU v10 on Samsung Foundry’s 2nm process."
2026-06-11T08:23:57.000Z,747,47,76,"","https://x.com/jukan05/status/2064986985295655235","When I visited Computex, Ayar Labs treated SIVE not as something they rely on exclusively, but more as one option among several.  I still haven’t seen any third-party or authoritative data showing that SIVE is superior to its competitors."
2026-06-11T05:56:31.000Z,381,16,100,"","https://x.com/jukan05/status/2064949883757641819","I just created a Xiaohongshu account. (My Chinese friend told me that I really should start using Xiaohongshu…)"
2026-06-11T05:13:05.000Z,665,119,33,"chip","https://x.com/jukan05/status/2064938950507262213","Reuters: U.S. officials have visited China multiple times and urged the Chinese side to resolve the InP export controls, but China is still causing delays in export approvals.  As a result, U.S. photonic chip manufacturers that need InP are facing difficulties.  However, China"
2026-06-11T05:13:05.000Z,34,2,1,"","https://x.com/jukan05/status/2064938952973516998",""
2026-06-11T03:55:21.000Z,246,32,26,"server; ai server; demand; ai; ml","https://x.com/jukan05/status/2064919388411883930"," AI servers squeeze high-end MLCC supply, sending Taiwan firms toward China alternatives  - Expanding demand from AI servers and high-voltage EVs is tightening the global supply of high-end MLCCs; to cope with lengthening lead times, some Taiwanese supply-chain players are"
2026-06-11T03:55:21.000Z,34,1,,"","https://x.com/jukan05/status/2064919390152511787",""
2026-06-11T03:27:41.000Z,599,46,11,"tsmc","https://x.com/jukan05/status/2064912426559304141","Wow! TSMC has pulled in CoPoS from 2029 to 2028!"
2026-06-11T02:22:44.000Z,795,187,36,"tsmc; ics; packaging; ai","https://x.com/mingchikuo/status/2064896082203849094","Key takeaways on TSMC's next-generation advanced packaging, CoPoS (publicly available technical details omitted):  1. CoPoS is currently expected to enter mass production in 2H28. It is designed to improve the economics of ultra-large packages above the 9.5x reticle-size class,"
2026-06-11T01:37:43.000Z,720,146,68,"price; ai","https://x.com/jukan05/status/2064884753288122639","* OpenAI Considers Drastic Price Cuts, Anticipating Costly War For Users With Anthropic - WSJ"
2026-06-11T01:37:44.000Z,33,5,1,"","https://x.com/jukan05/status/2064884755435569400",""
2026-06-11T01:12:29.000Z,216,14,13,"ai","https://x.com/jukan05/status/2064878400926580864","@alexeheath ’s Sources report today:  - The allocation process for Vera Rubin supply is already underway, and it is quite cutthroat.  - The consensus is that AI compute will remain supply-constrained through next year. However, views differ on how long that tightness will last."
2026-06-11T01:12:29.000Z,14,1,1,"","https://x.com/jukan05/status/2064878402864402850",""
2026-06-11T00:08:06.000Z,421,63,17,"semiconductor","https://x.com/jukan05/status/2064862199122911563","[Breaking] South Korea’s exports for June 1–10 reached a record-high $28.6 billion; semiconductor exports surged 206%  South Korea’s exports from June 1 to June 10 totaled $28.6 billion, marking the highest level ever recorded for the first 10 days of any month.  Semiconductor"
2026-06-11T00:08:06.000Z,20,,2,"","https://x.com/jukan05/status/2064862200997851365",""
2026-06-10T23:38:54.000Z,156,21,23,"price; ai","https://x.com/jukan05/status/2064854852363301107","Mature Node Supply Tightens… MCU Makers Raise Prices Again  - Price-increase momentum is re-emerging across the global MCU market. Following ST's announcement of a late-June price hike, there is growing speculation that Infineon and TI may also raise prices on select MCU,"
2026-06-10T23:38:55.000Z,12,,3,"","https://x.com/jukan05/status/2064854854158410134",""
2026-06-10T23:13:35.000Z,531,43,42,"wafer; tsmc; shipment; capacity","https://x.com/jukan05/status/2064848479638482978","Morgan Stanley: Our modeling of 2027 optical engine shipments at 6–7 million units suggests a much smaller ramp than investors’ expectations of 20–30 million units.  Linking capacity to actual output, even if TSMC expands PIC capacity to 10k wafers per month by 1Q27, SoIC yield"
2026-06-10T22:32:57.000Z,548,82,30,"nvidia; memory; shortage; ai","https://x.com/jukan05/status/2064838255582097523","Nvidia's AI ramp deepens memory squeeze as cloud providers lock up supply through 2028  Memory shortages tied to Nvidia's next wave of AI hardware are expected to intensify through 2027 and into 2028, as major cloud service providers continue to secure long-term supply for"
2026-06-10T22:32:58.000Z,24,1,2,"","https://x.com/jukan05/status/2064838258039951565",""
2026-06-10T12:14:47.000Z,469,46,12,"nand; sk hynix","https://x.com/jukan05/status/2064682688439873672","SK HYNIX SELECTS TOKYO ELECTRON EQUIPMENT FOR 375-LAYER NAND DEPOSITION"
2026-06-10T12:14:14.000Z,262,45,16,"nand; sk hynix; nand flash","https://x.com/jukan05/status/2064682548907962749","SK Hynix to Mass-Produce Next-Generation 375-Layer 3D NAND by Year-End  SK Hynix will begin mass production of its next-generation 375-layer 3D NAND flash at the end of this year.  According to industry sources on the 11th, SK Hynix has completed production qualification of the"
2026-06-10T12:14:14.000Z,19,1,1,"","https://x.com/jukan05/status/2064682551281897781",""
2026-06-10T11:21:06.000Z,753,34,69,"hbm; semianalysis; ai","https://x.com/jukan05/status/2064669178318246015","It seems like SemiAnalysis’ past report on MU is being criticized again now, so let me correct the record.  When SemiAnalysis published the report saying that MU would not gain share in HBM4, that was absolutely not false based on the information available at the time. At the"
2026-06-10T11:10:53.000Z,129,24,53,"sk hynix","https://x.com/jukan05/status/2064666607503507966","Chemical exposure accident at SK Hynix’s Cheongju site… two people transported to hospital"
2026-06-10T10:03:41.000Z,298,28,6,"samsung; sk hynix","https://x.com/jukan05/status/2064649697697083867","According to Korean media reports, Samsung and SK Hynix have already introduced AMAT-BESI’s Kinex into some of their mass production lines… interesting."
2026-06-10T10:01:43.000Z,186,12,10,"wafer; sk hynix","https://x.com/jukan05/status/2064649200961495248","[Exclusive] Hanwha Semitech Supplies hybrid bonding cluster to SK Hynix  Hanwha Semitech has supplied SK Hynix with an integrated die-to-wafer (D2W) hybrid bonding system (cluster) that combines multiple process steps into one. The system is undergoing quality evaluation as the"
2026-06-10T10:01:44.000Z,15,1,1,"","https://x.com/jukan05/status/2064649203356418496",""
2026-06-10T09:44:43.000Z,403,39,12,"hbm; sk hynix; memory; price; ai","https://x.com/jukan05/status/2064644924306506050","SK Hynix to Raise Supplier Procurement Prices  SK Hynix, which posted record quarterly operating profit on the back of the high-bandwidth memory (HBM) boom, is reviewing plans to raise the prices it pays its suppliers. Expectations are growing for a so-called ""trickle-down"
2026-06-10T09:44:44.000Z,16,2,1,"","https://x.com/jukan05/status/2064644926261137703",""
2026-06-10T05:36:44.000Z,495,48,36,"tsmc","https://x.com/jukan05/status/2064582513939685645","TSMC May 2026 revenue:   - NT$417.0B (+1.5% MoM, +30.1% YoY)"
2026-06-10T04:32:53.000Z,911,22,30,"semianalysis","https://x.com/jukan05/status/2064566446471172436","I cannot and will not comment publicly on SemiAnalysis’s report. I hope you understand."
2026-06-09T20:43:54.000Z,7.6K,882,262,"ai","https://x.com/VictorTaelin/status/2064448425936994742","this is my personal singularity moment  this post may sound like a paid ad. I only wish. I'm concerned, more so than happy. the world is changing, and, among the scenarios where AI goes terribly wrong, inequality is the most realistic, yet, the one Anthropic seems to be the least"
2026-06-10T00:11:30.000Z,722,118,65,"sk hynix; micron","https://x.com/jukan05/status/2064500667004416258","Korea’s Meritz Securities: SK hynix ADR issuance timeline update and estimate  - SEC approval is imminent within June, and completion of the U.S. market listing could be possible by mid-August.  → Even just catching up to Micron’s valuation could drive a sharp, explosive"
2026-06-09T23:44:54.000Z,578,35,25,"ai","https://x.com/jukan05/status/2064493975235621342","People should’ve actually picked up on the fact that  $LITE 's CEO said the NPO opportunity could be larger than CPO, lol."
2026-06-09T22:51:49.000Z,5.6K,298,272,"","https://x.com/citrini/status/2064480613852201336","I think we’ve reached the point where normal people can’t really determine whether new models are better than previous ones. Like Fable doesn’t seem that much better to me, but every 150 IQ person I know is like “wow the singularity came sooner than I thought”."
2026-06-09T22:48:29.000Z,368,48,23,"semiconductor; chip; price","https://x.com/jukan05/status/2064479776728076323","China's semiconductor glass substrate push closes in on Korea with price and volume  China's ""semiconductor glass substrate rise"" is threatening because it offers an attractive option to chipmakers, the end customers: the ability to secure price competitive glass substrates in"
2026-06-09T22:48:30.000Z,24,2,1,"","https://x.com/jukan05/status/2064479778405785892",""
2026-06-09T22:30:57.000Z,441,36,24,"nvidia","https://x.com/jukan05/status/2064475364802613343","Why would Nvidia try to scale up NPO? Because CPO has been delayed."
2026-06-09T08:16:01.000Z,431,29,40,"intel; amd","https://x.com/jukan05/status/2064260211117068742","I really don’t understand why Citi thinks AMD would use Intel’s EMIB-T. I haven’t heard anything about this at all.  Lisa Su would only use Intel if the world were ending tomorrow. Until then, I don’t think she would even consider it."
2026-06-09T08:13:28.000Z,236,27,19,"nand; dram; nvidia; apple; ai","https://x.com/jukan05/status/2064259571741503826","I’m curious whether Apple’s FFN NAND-like approach reduces the mobile DRAM requirement needed for on-device AI.  If so… why doesn’t Nvidia use this kind of technology? Wouldn’t that mean the 128GB in N1X is overkill?"
2026-06-09T07:53:38.000Z,276,31,11,"hbm; semiconductor; foundry; samsung; memory; ics; packaging","https://x.com/jukan05/status/2064254581333209275","Samsung Electronics: The Last Piece in Normalizing Its Semiconductor Business Is ‘Packaging’  Samsung Electronics’ semiconductor business has moved into a full rebound led by high bandwidth memory (HBM) and foundry. In advanced packaging, however, which has emerged as a core of"
2026-06-09T07:53:39.000Z,25,1,1,"","https://x.com/jukan05/status/2064254583908806771",""
2026-06-09T04:31:36.000Z,120,3,3,"ai","https://x.com/vikramskr/status/2064203737900662928","I got to meet the legend himself  @jukan05  at Computex, and he's fantastic to hang out with.   I might have sweet talked him into getting a paid sub LOL. "
2026-06-09T02:18:44.000Z,5K,507,280,"","https://x.com/jukan05/status/2064170300452098183","SOURCES: ANTHROPIC WILL RELEASE THE PUBLIC VERSION OF MYTHOS TOMORROW"
2026-06-09T02:18:45.000Z,81,6,5,"","https://x.com/jukan05/status/2064170302184276143",""