,QQ_Timmy,jukan05,TrendForce,dylan522p,SemiAnalysis_,technews_tw,combined
OVERVIEW
Tweet count,451,733,562,594,797,1245,4382
Avg interaction,70.8,595.5,35.91,596.39,293.0,4.92,247.03
Median interaction,60,419,25,291,124,2,44
Max interaction,493,10811,488,26372,14700,174,26372

BEST HOURS TO POST (Taiwan Time)
Hour,QQ_Timmy avg interaction,QQ_Timmy chart,jukan05 avg interaction,jukan05 chart,TrendForce avg interaction,TrendForce chart,dylan522p avg interaction,dylan522p chart,SemiAnalysis_ avg interaction,SemiAnalysis_ chart,technews_tw avg interaction,technews_tw chart,combined avg interaction,combined chart
00:00,75.43,███████████████,506.5,█████████,33.64,█████████,343.34,█████,428.47,██████████,18.0,████████████████████,143.75,████
01:00,65.49,█████████████,363.0,██████,20.38,██████,624.47,██████████,329.46,████████,0,,308.73,█████████
02:00,37.0,███████,1047.0,████████████████████,0,,612.54,██████████,813.73,████████████████████,0,,682.79,████████████████████
03:00,0,,0,,0,,486.39,████████,274.73,██████,0,,390.18,███████████
04:00,0,,385.33,███████,0,,459.42,███████,328.53,████████,0,,396.56,███████████
05:00,0,,521.8,█████████,0,,453.27,███████,288.13,███████,0,,338.63,█████████
06:00,0,,437.15,████████,0,,767.67,█████████████,226.03,█████,0,,506.22,██████████████
07:00,85.0,████████████████,657.92,████████████,10.0,██,1000.6,█████████████████,440.12,██████████,7.41,████████,601.3,█████████████████
08:00,52.53,██████████,582.42,███████████,44.7,█████████████,391.44,██████,196.54,████,13.13,██████████████,240.87,███████
09:00,71.35,██████████████,611.48,███████████,36.55,██████████,716.69,████████████,209.9,█████,3.57,███,277.73,████████
10:00,71.29,██████████████,771.98,██████████████,45.31,█████████████,666.42,███████████,326.45,████████,6.65,███████,303.49,████████
11:00,100.08,████████████████████,619.37,███████████,41.76,████████████,525.57,█████████,364.8,████████,7.17,███████,241.88,███████
12:00,75.33,███████████████,452.02,████████,47.66,██████████████,1166.18,████████████████████,319.64,███████,5.13,█████,286.08,████████
13:00,91.75,██████████████████,690.49,█████████████,55.18,████████████████,441.61,███████,210.25,█████,3.46,███,229.15,██████
14:00,59.62,███████████,406.6,███████,42.04,████████████,455.69,███████,762.0,██████████████████,5.05,█████,123.79,███
15:00,77.16,███████████████,588.84,███████████,45.44,█████████████,321.08,█████,223.0,█████,4.12,████,173.84,█████
16:00,76.66,███████████████,673.76,████████████,67.57,████████████████████,273.14,████,0,,5.35,█████,182.44,█████
17:00,69.32,█████████████,463.44,████████,50.62,██████████████,323.12,█████,277.67,██████,3.96,████,112.46,███
18:00,62.89,████████████,698.2,█████████████,38.5,███████████,510.29,████████,423.0,██████████,3.54,███,193.09,█████
19:00,71.0,██████████████,543.67,██████████,10.4,███,226.86,███,59.5,█,3.51,███,121.01,███
20:00,62.52,████████████,639.0,████████████,19.2,█████,369.5,██████,382.67,█████████,3.86,████,94.97,██
21:00,87.2,█████████████████,523.79,██████████,28.14,████████,192.88,███,137.0,███,3.88,████,130.68,███
22:00,79.75,███████████████,801.4,███████████████,48.39,██████████████,514.0,████████,123.98,███,1.9,██,145.44,████
23:00,69.78,█████████████,502.88,█████████,34.71,██████████,677.12,███████████,221.4,█████,4.0,████,268.81,███████

BEST DAYS TO POST
Day,QQ_Timmy avg interaction,QQ_Timmy chart,jukan05 avg interaction,jukan05 chart,TrendForce avg interaction,TrendForce chart,dylan522p avg interaction,dylan522p chart,SemiAnalysis_ avg interaction,SemiAnalysis_ chart,technews_tw avg interaction,technews_tw chart,combined avg interaction,combined chart
Monday,71.98,█████████████,587.08,████████████████,35.6,█████████████████,578.48,████████████,234.58,██████████,4.68,████████████,214.17,███████████
Tuesday,78.57,███████████████,631.58,█████████████████,41.04,████████████████████,591.49,█████████████,263.8,████████████,5.0,█████████████,252.0,█████████████
Wednesday,65.41,████████████,515.6,██████████████,38.21,██████████████████,448.43,██████████,312.25,██████████████,7.26,████████████████████,207.51,██████████
Thursday,56.87,███████████,591.61,████████████████,31.62,███████████████,895.46,████████████████████,338.89,███████████████,4.16,███████████,236.88,████████████
Friday,58.05,███████████,567.37,███████████████,33.76,████████████████,566.33,████████████,234.33,██████████,3.41,█████████,229.53,███████████
Saturday,85.46,████████████████,722.19,████████████████████,31.89,███████████████,428.19,█████████,283.18,█████████████,4.53,████████████,304.52,███████████████
Sunday,102.85,████████████████████,611.59,████████████████,30.21,██████████████,702.28,███████████████,431.8,████████████████████,7.09,███████████████████,383.64,████████████████████

IMAGES VS NO IMAGES
,QQ_Timmy avg interaction,QQ_Timmy chart,jukan05 avg interaction,jukan05 chart,TrendForce avg interaction,TrendForce chart,dylan522p avg interaction,dylan522p chart,SemiAnalysis_ avg interaction,SemiAnalysis_ chart,technews_tw avg interaction,technews_tw chart,combined avg interaction,combined chart
With image,76.43,████████████████████,812.5,████████████████████,49.17,████████████████████,591.44,███████████████████,365.75,████████████████████,22.34,████████████████████,369.62,████████████████████
Without image,64.69,████████████████,450.99,███████████,23.73,█████████,601.51,████████████████████,145.29,███████,3.16,██,165.76,████████
Winner,images,18.1% better,images,80.2% better,images,107.2% better,no images,1.7% better,images,151.7% better,images,607.0% better,images,123.0% better

TOP KEYWORDS BY AVG INTERACTION
Rank,QQ_Timmy keyword,QQ_Timmy avg,QQ_Timmy chart,jukan05 keyword,jukan05 avg,jukan05 chart,TrendForce keyword,TrendForce avg,TrendForce chart,dylan522p keyword,dylan522p avg,dylan522p chart,SemiAnalysis_ keyword,SemiAnalysis_ avg,SemiAnalysis_ chart,technews_tw keyword,technews_tw avg,technews_tw chart,combined keyword,combined avg,combined chart
#1,Thermal Management,128.6,████████████████████,Micron,1252.69,████████████████████,Kioxia,67.38,████████████████████,Supermicro,1102.6,████████████████████,Micron,757.82,████████████████████,Glass Substrate,39.0,████████████████████,Supermicro,920.67,████████████████████
#2,Glass Substrate,123.56,███████████████████,SK Hynix,983.0,███████████████,AMD AI,63.36,██████████████████,LLM / Foundation Model,850.01,███████████████,Google TPU,546.0,██████████████,PCB / Substrate,22.56,███████████,LLM / Foundation Model,488.19,██████████
#3,PCB / Substrate,108.89,████████████████,Kioxia,965.1,███████████████,Micron,59.88,█████████████████,TSMC / Foundry,842.27,███████████████,LLM / Foundation Model,396.19,██████████,Semiconductor Materials,17.6,█████████,SK Hynix,392.13,████████
#4,CCL,104.38,████████████████,Samsung,870.89,█████████████,PLP Packaging,53.6,███████████████,AMD AI,694.83,████████████,SK Hynix,390.5,██████████,Advanced Packaging,13.78,███████,Kioxia,349.26,███████
#5,Power Supply,104.27,████████████████,LLM / Foundation Model,858.87,█████████████,DRAM / NAND / SSD,52.9,███████████████,Wafer Fab Equipment,674.0,████████████,NVIDIA AI,346.67,█████████,Power Supply,10.84,█████,NVIDIA AI,323.01,███████
#6,NVIDIA AI,97.0,███████████████,NVIDIA AI,842.63,█████████████,SK Hynix,51.64,███████████████,ASIC / Custom Chip,664.5,████████████,AMD AI,297.03,███████,Optical / Silicon Photonics,9.93,█████,Samsung,302.28,██████
#7,Optical / Silicon Photonics,96.39,██████████████,DRAM / NAND / SSD,832.83,█████████████,HBM Memory,48.7,██████████████,NVIDIA AI,535.13,█████████,Advanced Packaging,294.45,███████,TSMC / Foundry,9.74,████,AMD AI,297.24,██████
#8,Advanced Packaging,90.84,██████████████,Optical / Silicon Photonics,790.55,████████████,Samsung,37.53,███████████,Samsung,478.6,████████,DRAM / NAND / SSD,263.0,██████,AMD AI,9.0,████,Google TPU,295.32,██████
#9,TSMC / Foundry,81.98,████████████,ASIC / Custom Chip,761.0,████████████,NVIDIA AI,36.86,██████████,AI Server ODM,452.29,████████,TSMC / Foundry,239.04,██████,Thermal Management,7.62,███,AI Server ODM,276.86,██████
#10,SK Hynix,79.0,████████████,AI Server ODM,698.57,███████████,Optical / Silicon Photonics,30.11,████████,Advanced Packaging,214.6,███,HBM Memory,230.04,██████,ASIC / Custom Chip,6.41,███,Micron,274.11,█████
#11,Wafer Fab Equipment,78.64,████████████,HBM Memory,652.39,██████████,Advanced Packaging,29.96,████████,DRAM / NAND / SSD,212.8,███,Samsung,226.31,█████,DRAM / NAND / SSD,6.32,███,Foxconn / Inventec,273.37,█████
#12,Google TPU,76.6,███████████,Wafer Fab Equipment,565.5,█████████,LLM / Foundation Model,29.86,████████,,,,Optical / Silicon Photonics,224.1,█████,NVIDIA AI,5.66,██,CCL,245.24,█████
#13,Micron,75.33,███████████,AMD AI,562.57,████████,TSMC / Foundry,26.43,███████,,,,AI Server ODM,151.69,████,SK Hynix,5.5,██,DRAM / NAND / SSD,227.52,████
#14,DRAM / NAND / SSD,74.38,███████████,TSMC / Foundry,544.38,████████,Semiconductor Materials,24.0,███████,,,,ASIC / Custom Chip,74.0,█,Samsung,5.19,██,Wafer Fab Equipment,207.08,████
#15,Samsung,71.95,███████████,CCL,519.29,████████,ASIC / Custom Chip,23.32,██████,,,,PCB / Substrate,71.67,█,Wafer Fab Equipment,5.13,██,ASIC / Custom Chip,188.75,████

TOP 10 TWEETS PER ACCOUNT
Rank,Account,Interaction,Views,Likes,Retweets,Replies,Has Images,Keywords,Timestamp,URL,Text
#1,QQ_Timmy,493,182364,426,46,21,no,free transcrip; transcrip ts; 免費ai法說會逐字稿 memo網站; ts; https alphamemo,2025-11-11T05:26:00.000Z,https://x.com/QQ_Timmy/status/1988115973610598903,如果對台灣股市有興趣的話 免費AI法說會逐字稿 Memo網站  https:// alphamemo.ai/free-transcrip ts … 可以試試看
#2,QQ_Timmy,336,51218,265,48,23,no,nvidia; nvidia 下一代架構讓光元件需求暴增六倍; 下一代架構讓光元件需求暴增六倍 cpo; stt處理 並由claude整理總結; ai 基本面持續上修,2026-06-15T16:20:09.000Z,https://x.com/QQ_Timmy/status/2066556377276010990,艦長 程正樺 論壇演講重點整理 (錄音檔經Grok STT處理，並由Claude整理總結) 一句話總結: AI 基本面持續上修、算力依然短缺，真正的結構性大事是 NVIDIA 下一代架構讓光元件需求暴增六倍，CPO 量產時程比空方想的近（2027 小量、2028
#3,QQ_Timmy,292,72267,217,45,30,no,nvidia; semianalysis; delayed 800vdc; adoption nvidia; push cpo; semianalysis power,2026-06-09T16:31:04.000Z,https://x.com/QQ_Timmy/status/2064384794570666409,"Semianalysis:  Power Off, Lights Out. 800VDC Push-In and CPO Delay Authors: Konrad Wang, Nigel Chiang, Nick Doyle, Doug O'Laughlin, and Daniel Nishball Date: June 9, 2026  Widespread adoption of Nvidia's native single-ended 800VDC design has been delayed, with 800VDC shipments  https:// x.com/dmjk001/status /dmjk001/status/2064366281856590102 …"
#4,QQ_Timmy,254,18083,207,29,18,yes,0mmt的高難度tgv glass; 3mmt至2; tgv; 成功開發全球首創; jntc,2026-06-20T03:51:00.000Z,https://x.com/QQ_Timmy/status/2068179784836808868,JNTC 成功開發全球首創 2.0mmT TGV 玻璃基板  JNTC（KOSDAQ: 204270）於6月19日宣布，成功開發全球首創厚度達2.0mmT的高難度TGV（Through Glass Via）玻璃基板，目前已擁有從0.3mmT至2.0mmT的完整產品線，並同步開發下一代3.0mmT產品。
#5,QQ_Timmy,252,22894,213,10,29,yes,感謝您一直以來與聯發科技的合作 我們非常重視您對我們的信任; 尊敬的客戶 感謝您一直以來與聯發科技的合作; 我們非常重視您對我們的信任 以及對雙方業務關係的持續承諾; 以及對雙方業務關係的持續承諾; 尊敬的客戶,2026-06-22T13:32:35.000Z,https://x.com/QQ_Timmy/status/2069050921783525707,尊敬的客戶：  感謝您一直以來與聯發科技的合作。我們非常重視您對我們的信任，以及對雙方業務關係的持續承諾。
#6,QQ_Timmy,236,40590,204,23,9,no,dram; micron; 超大規模資料中心業者為了確保ai競爭力 仍有意願支付高價; 這些因素疊加之下 美光; micron 認為供給不足將比原先預期更長期化; 美光 micron,2026-06-06T17:35:48.000Z,https://x.com/QQ_Timmy/status/2063313924473426347,AI基礎設施擴大最大的瓶頸已轉移至DRAM。超大規模資料中心業者為了確保AI競爭力，仍有意願支付高價；在供給面，由於潔淨室確保與EUV裝置不足，導致生產擴大受到限制。這些因素疊加之下，美光（Micron）認為供給不足將比原先預期更長期化，可能性很高。  https:// x.com/kjage1/status/ /kjage1/status/2062838601445253296 …
#7,QQ_Timmy,228,20790,189,29,10,yes,元件替換 以固態半導體全面取代傳統機電元件; hvdc 高壓直流架構; 資料中心全面轉向 800v; 800v hvdc; ai,2026-06-27T02:48:26.000Z,https://x.com/QQ_Timmy/status/2070700754990694873,AI 電源半導體報告 1. 市場規模與成長預測 - 2025 年：約 27 億美元 - 2028 年：約 160 億美元 - 三年 CAGR ≈ 82%  2. 主要成長驅動因素 - 架構轉型：資料中心全面轉向 800V HVDC 高壓直流架構，大幅提升每 kW 半導體含量價值。 - 元件替換：以固態半導體全面取代傳統機電元件（從電網到機架）。 ‧
#8,QQ_Timmy,224,52371,176,20,28,no,傳統有機基板因翹曲 warpage; 成為下一代先進封裝關鍵材料 可作為玻璃核心基板或玻璃中介層使用; 玻璃基板突破ai晶片封裝瓶頸 隨著ai晶片尺寸持續放大,2026-06-07T14:44:10.000Z,https://x.com/QQ_Timmy/status/2063633120017186976,玻璃基板突破AI晶片封裝瓶頸  隨著AI晶片尺寸持續放大，傳統有機基板因翹曲（warpage）問題導致良率下降。具備熱膨脹係數（CTE）接近矽（3-9 ppm/°C）、優異介電性能（低Dk/Df）與極致平整表面的玻璃基板，成為下一代先進封裝關鍵材料，可作為玻璃核心基板或玻璃中介層使用。
#9,QQ_Timmy,222,275249,186,35,1,yes,analog devices; devices 2026年7月3日; devices; 此供應緊縮現已影響adi部分產品組合 導致交期延長至最長六個月,2026-07-04T02:18:32.000Z,https://x.com/QQ_Timmy/status/2073229944029913108,"Analog Devices, Inc. 2026年7月3日 尊敬的客戶， 希望此信件到達時您一切安好。我在此與您聯繫，說明目前半導體供應正因需求全面增加而持續緊縮。此供應緊縮現已影響ADI部分產品組合，導致交期延長至最長六個月。"
#10,QQ_Timmy,222,30345,164,26,32,no,plp 將與三星電子展開激烈競爭; 台積電正積極準備正式量產下一代半導體封裝技術 面板級封裝; 面板級封裝 plp; status 2066391857060606409,2026-06-15T05:45:02.000Z,https://x.com/QQ_Timmy/status/2066396544748908581,台積電正積極準備正式量產下一代半導體封裝技術「面板級封裝（PLP）」，將與三星電子展開激烈競爭。  https:// x.com/dmjk001/status /dmjk001/status/2066391857060606409 …

#1,jukan05,10811,1409669,10000,635,176,yes,samsung; nvidia; nvidia profitable; samsung overtakes; official samsung; overtakes nvidia,2026-07-06T23:18:52.000Z,https://x.com/jukan05/status/2074271893956558914,OFFICIAL: SAMSUNG OVERTAKES NVIDIA TO BECOME THE MOST PROFITABLE COMPANY IN THE WORLD
#2,jukan05,7306,1485860,6400,778,128,yes,samsung; hynix,2026-05-22T01:29:35.000Z,https://x.com/jukan05/status/2057634950636241129,Just in: Employees at high-end and supercar dealerships in Korea say their showrooms are packed with Samsung and SK hynix employees.
#3,jukan05,6232,621663,4400,1400,432,yes,image,2026-05-28T02:23:59.000Z,https://x.com/jukan05/status/2059822967648030996,"As a Korean, this is very sad.  According to a local Korean media report released today, LG Electronics has reportedly explored the possibility of selling its TV business to China’s Hisense.  The Korean TV industry has collapsed."
#4,jukan05,5945,671529,5600,288,57,no,semiconductor,2026-06-08T05:45:59.000Z,https://x.com/jukan05/status/2063860067649380675,"Why you should be on X:  You can see real-time supply-chain information shared directly by Korean semiconductor engineers, for free.  You get raw, unfiltered information without it going through sell-side analysts or research houses.  This is why I don’t use Reddit or other"
#5,jukan05,5789,884469,5000,509,280,no,,2026-06-09T02:18:44.000Z,https://x.com/jukan05/status/2064170300452098183,SOURCES: ANTHROPIC WILL RELEASE THE PUBLIC VERSION OF MYTHOS TOMORROW
#6,jukan05,5381,904339,4900,313,168,no,,2026-05-28T08:17:10.000Z,https://x.com/jukan05/status/2059911848334618668,JENSEN HUANG: “WE HAVE A SURPRISING NEW PRODUCT THAT WE HAVEN’T TOLD ANYONE ABOUT YET. WE WILL ANNOUNCE IT LATER.”
#7,jukan05,4852,2609765,3200,1300,352,no,edge ai; restricting overseas; china considers; ai companies; alibaba bytedance; access cutting,2026-07-07T10:42:30.000Z,https://x.com/jukan05/status/2074443936865960205,"CHINA CONSIDERS RESTRICTING OVERSEAS ACCESS TO CUTTING-EDGE AI MODELS  China’s Ministry of Commerce has led meetings over the past month with major AI companies, including Alibaba, ByteDance, and  http:// Z.ai, to discuss measures that would restrict overseas access to"
#8,jukan05,3615,790696,3300,243,72,yes,image,2026-06-15T03:55:56.000Z,https://x.com/jukan05/status/2066369086842605996,Shared without comment.
#9,jukan05,3584,637161,3000,459,125,no,micron,2026-06-23T10:33:47.000Z,https://x.com/jukan05/status/2069368311146815885,"Why did the KOSPI fall today?  1. Korean leverage trading has climbed to excessively high levels. 2. Ahead of Micron's earnings, profit taking is underway, with talk that buyside expectations have become too elevated. 3. Korean lawmakers are discussing imposing taxes on"
#10,jukan05,3133,808502,2700,299,134,no,nvidia; gpu; inference; mu nvidia; gpus underutilized; yes mu; inference does,2026-06-28T07:52:41.000Z,https://x.com/jukan05/status/2071139712082022855,"Yes, MU is not Nvidia.  But going forward, it may become even more important than Nvidia.  Think about it. Inference is now directly tied to money. But inference does not get better simply by adding more Nvidia GPUs. In fact, GPUs are often underutilized in inference, sitting"

#1,TrendForce,488,339041,359,111,18,yes,#nvidia; #arm; #intel; #amd; chip; intel; nvidia; amd; gpu; cpu; arm; ai; cpu planned; agentic ai; raising prices; moment nvidia,2026-04-14T13:00:27.000Z,https://x.com/trendforce/status/2044038072107434251, CPUs are having a moment.  #Nvidia launched a standalone CPU. #Arm made its first chip in 35 years. #Intel & #AMD are raising prices amid a supply crunch.  What's behind it: Agentic AI needs far more CPU than anyone planned for — driving a structural shift in CPU:GPU ratios
#2,TrendForce,402,118951,293,97,12,no,#trendforce; nand; dram; memory; trendforce; memory prices; prices climbing; flash surge; imbalance ease,2026-03-31T16:00:45.000Z,https://x.com/trendforce/status/2039010015747396092," Memory prices keep climbing: DRAM is forecast to rise 58–63% QoQ in 2Q26, while NAND flash may surge 70–75%. When will the supply-demand imbalance ease?More analysis from #TrendForce:  https:// buff.ly/NBcmN5k "
#3,TrendForce,269,42131,234,29,6,no,hbm; samsung; hynix; micron; nvidia; memory; trendforce; ai; samsung plans; hynix hbm4; nvidia exclusively; memory giants; micron inaccurate,2026-03-10T08:26:38.000Z,https://x.com/trendforce/status/2031285588754837987,Recent media reports claiming NVIDIA has exclusively selected Samsung and SK hynix for its HBM4 supply chain—supposedly sidelining Micron—are inaccurate. TrendForce reports that all three memory giants remain integral to the upcoming Vera Rubin architecture. Samsung plans to
#4,TrendForce,231,49273,176,53,2,yes,hbm; hbm4; trendforce; gpu; hbm4 contract; trendforce expects; gen gpu,2026-07-03T14:01:52.000Z,https://x.com/trendforce/status/2073044558686957638," HBM4 Contract Prices: A Major Hike Is Coming With 2027 HBM4 talks underway, TrendForce expects substantial price hikes to reflect supply-demand imbalance and rising next-gen costs. Demand from next-gen GPU platforms and AI ASICs, with growing die sizes, will aggravate the"
#5,TrendForce,212,35009,185,24,3,no,#sandisk; #ssd; ssd; agreements years; hybrid pricing,2026-05-05T08:00:01.000Z,https://x.com/trendforce/status/2051572611235119478,"#SanDisk announced that the company has secured long-term #SSD supply agreements of up to five years, featuring increasing volume commitments and a hybrid pricing structure that combines fixed and variable components. These agreements are designed to ensure demand visibility and"
#6,TrendForce,199,53880,159,40,0,yes,#copos; tsmc; panel; ai; tsmc copos; carrier square; taiwan suppliers; round glass; utilization rates,2026-06-12T14:08:51.000Z,https://x.com/trendforce/status/2065436170428035281,"TSMC's #CoPoS is moving fast, and the opportunities for Taiwan suppliers are taking shape. CoPoS replaces traditional round glass carrier with a square panel format, pushing utilization rates above 75%. More on glass material development:  https:// pse.is/977q8c "
#7,TrendForce,197,29759,157,39,1,yes,samsung; hynix; micron; kioxia; memory; agreements ltas; memory cycle; kioxia rewriting; long term,2026-06-25T09:11:27.000Z,https://x.com/trendforce/status/2070072369541218721,"Micron, Samsung, SK hynix, and Kioxia are rewriting the rules of the memory cycle with new long-term agreements (LTAs)."
#8,TrendForce,164,21493,141,22,1,yes,#intel; foundry; intel; packaging; node; advanced packaging; intel foundry; 18a node; turnaround coming,2026-04-29T04:07:05.000Z,https://x.com/trendforce/status/2049339662964289700,#Intel Foundry's turnaround may be coming sooner than expected — with big tech now reportedly betting on its 18A node and advanced packaging.
#9,TrendForce,145,31733,125,19,1,yes,dram; micron; trendforce; shortage; dram shortage; hardware prices; micron cautioned; 2028,2026-06-30T05:59:08.000Z,https://x.com/trendforce/status/2071835911017627981,"The global DRAM shortage and elevated hardware prices are expected to persist through 2028 thanks to surging AI demand. Despite delivering record fiscal third-quarter results, Micron cautioned that supply will take considerable time to catch up with demand. TrendForce attributes"
#10,TrendForce,143,10719,108,34,1,no,#hbm; #trendforce; dram; hbm; trendforce; hbm prices; negotiations underway,2026-06-02T16:00:51.000Z,https://x.com/trendforce/status/2061840478081867881," #HBM prices may surge in 2027. HBM4 negotiations are underway, with suppliers holding the upper hand amid tight DRAM supply and rising costs.More analysis from #TrendForce:   https:// buff.ly/EM8TOV3 "

#1,dylan522p,26372,2219969,24000,2300,72,yes,korea tteokbokki; cigarettes bought; went 11; served meal; elder ladies,2025-04-30T23:16:36.000Z,https://x.com/dylan522p/status/1917719768066363629,"In Korea, found this Tteokbokki spot ran by 2 elder ladies I asked if they took card She shook her head, spoke some Korean, walked out, waved me to follow We went to a 7/11 She pointed at some cigarettes, which I bought for her, 3500 won, $2.46 Went back and got served this meal"
#2,dylan522p,10797,772473,10000,767,30,no,ai; kid diets; vs foods; cheese plastic; hilarious study; totally vindicated,2024-12-29T04:41:46.000Z,https://x.com/dylan522p/status/1873227889610735667,The most hilarious part of the study isn't that all the Whole Foods Organic veggies & meat are plastic ridden Its that Sour Patch Kids + microwavable Kraft Mac & Cheese were among the least plastic containing foods 6 year old kid diets are totally vindicated vs Whole Foods Maxies
#3,dylan522p,8900,6654201,6100,1500,1300,yes,volleyball tournament; caste; people gujarat; dallas unreal; rural america,2025-03-01T22:55:24.000Z,https://x.com/dylan522p/status/1895971158169882830,"My caste (Leuva Patidar Samaj) volleyball tournament in Dallas is unreal 8,000 people here out of ~40,000 people in the US Everyone from a part of Gujarat and same way of life in the US Literally everyone here owns a motel or gas station in rural America"
#4,dylan522p,7520,1046171,6700,572,248,no,intel; qualcomm; ai; elon jet; florida qualcomm; intel saved,2025-01-17T22:20:19.000Z,https://x.com/dylan522p/status/1880379652054901175,Elon's jet is in Florida. Global Foundries jet is in Florida. Qualcomm's jet is in Florida. In case anyone was wondering what's going on with Intel... They are at Mar-a-Lago. Make America Great Again can only be true if Intel is saved.
#5,dylan522p,5905,1893618,5200,412,293,no,pandemic happening; sf like; hit people,2026-03-09T03:36:22.000Z,https://x.com/dylan522p/status/2030850153117327542,"Being in SF is like being in Wuhan right before the pandemic  Something is happening, it's gonna hit everywhere but so few people know it"
#6,dylan522p,5716,364917,5100,492,124,yes,money glitch; press left; sam fransisco; infinite; yo heard,2025-09-23T04:35:12.000Z,https://x.com/dylan522p/status/1970346183827783756,"Yo I heard if u press Up, Up, Down, Down, Left, Right, Left, Right, B, A in Sam Fransisco there's an infinite money glitch"
#7,dylan522p,5664,658366,5200,235,229,yes,short,2026-04-01T22:04:21.000Z,https://x.com/dylan522p/status/2039463905786048795,Can I short myself?
#8,dylan522p,4855,1139962,3900,751,204,yes,semianalysis; ai; public commits; claude code; software development; newsletter semianalysis,2026-02-05T19:17:22.000Z,https://x.com/dylan522p/status/2019490550911766763,"4% of GitHub public commits are being authored by Claude Code right now. At the current trajectory, we believe that Claude Code will be 20%+ of all daily commits by the end of 2026. While you blinked, AI consumed all of software development. Read more   https:// newsletter.semianalysis.com/p/claude-code- is-the-inflection-point …"
#9,dylan522p,4742,645123,4300,333,109,no,ai; microsoft investing; openai increasingly; round 59b; uncomfortable partnership; wants claude,2024-12-18T18:49:50.000Z,https://x.com/dylan522p/status/1869455045873528847,Microsoft might be investing in Anthropic's new round at $59B. Microsoft wants to have Claude in their pocket to push back against OpenAI who is increasingly rambunctious with Microsoft. Very uncomfortable partnership between the two.
#10,dylan522p,4728,633989,4000,533,195,yes,deepseek v3; shifting curve; scale dummies; r1 discourse; means build,2025-01-26T17:34:17.000Z,https://x.com/dylan522p/status/1883569162100080875,Deepseek V3 and R1 discourse boils down to this. Shifting the curve means you build more and scale more dummies

#1,SemiAnalysis_,14700,351178,14000,608,92,yes,image,2026-05-06T17:57:01.000Z,https://x.com/SemiAnalysis_/status/2052085238856093973,Elon rn
#2,SemiAnalysis_,5527,2011506,4500,823,204,yes,gpu; ml engineering; degrade iq; anthropic latest; model moderation; filters gpu,2026-06-09T23:00:09.000Z,https://x.com/SemiAnalysis_/status/2064482714149896431,"BREAKING NEWS: Anthropic's latest model will NOT help you if it thinks your ML research/ML engineering is interesting, and/or will secretly degrade its IQ so that the average engineer won't notice. We are already seeing Anthropic's latest model's moderation filters our GPU"
#3,SemiAnalysis_,5294,191400,5000,234,60,yes,fab; heard fable; fable got; fable; banned; heard,2026-06-13T02:50:36.000Z,https://x.com/SemiAnalysis_/status/2065627871343698300,we heard fable got banned
#4,SemiAnalysis_,4521,891296,4000,423,98,yes,ai; qwen model; city rio; space reasoning; thought latent; swireasoning base,2026-06-13T20:30:04.000Z,https://x.com/SemiAnalysis_/status/2065894494935933191,"SITUATION DETECTED: The city of Rio de Janerio has post-trained a model.  Based on Qwen 7/2, Rio 3.5 Open 397B adds SwiReasoning on top of the base Qwen model — a framework that dynamically switches between standard chain-of-thought and latent-space reasoning, guided by"
#5,SemiAnalysis_,4110,605300,3300,717,93,yes,apple; smartphone; foxconn china; smartphone imports; centrality eroded; apple hardware; assembly network,2026-04-13T17:00:27.000Z,https://x.com/SemiAnalysis_/status/2043736083641373057,"US smartphone imports from China have collapsed from 90% to 25%.  The Foxconn China assembly network, once the undisputed backbone of Apple's hardware empire, is seeing its centrality eroded in real time. This is the clearest data point yet of a forced, systematic derisking of"
#6,SemiAnalysis_,3788,2145700,2900,611,277,yes,micron; fab; micron 100b; megafab ny; frivolous lawsuit; risk delay; concerned citizens,2026-02-25T18:01:21.000Z,https://x.com/SemiAnalysis_/status/2026719180284666046,Micron’s $100B megafab in NY is at risk of delay due to just 6 “concerned citizens” and their frivolous lawsuit. (1/10) 
#7,SemiAnalysis_,3568,619835,2900,496,172,yes,ai; public commits; github; claude code; software development,2026-02-27T18:00:26.000Z,https://x.com/SemiAnalysis_/status/2027443723362042308,"4% of GitHub public commits are being authored by Claude Code right now. At the current trajectory, we believe that Claude Code will be 20%+ of all daily commits by the end of 2026. While you blinked, AI consumed all of software development."
#8,SemiAnalysis_,3268,427540,3100,125,43,yes,fab; anthropic believe; mythos class; commercial fable; class models; outside government,2026-06-13T18:40:49.000Z,https://x.com/SemiAnalysis_/status/2065866999188898080,"I’ve had a number of conversations with folks inside and outside government about the current situation with Anthropic, and here is what I believe to be true:   — As we know, Anthropic publicly released its Mythos class models earlier this week under the commercial name Fable."
#9,SemiAnalysis_,3068,282211,2700,279,89,yes,nvidia; nvidia car; clear nvidia; car,2026-04-16T04:12:14.000Z,https://x.com/SemiAnalysis_/status/2044629920035295307,"to be clear, NVIDIA is NOT a car"
#10,SemiAnalysis_,2781,361685,2200,498,83,yes,agentic traffic; cloudflare radar; internet html; surpassed human; news according,2026-06-04T17:00:47.000Z,https://x.com/SemiAnalysis_/status/2062580333770408231,"BREAKING NEWS: according to CloudFlare Radar Data, Agentic traffic has SURPASSED human traffic across the worldwide internet for HTML webpages."

#1,technews_tw,174,31167,136,13,25,yes,#大摩重申加碼旺矽穎崴; pin 產能出現嚴重短缺; 大摩重申加碼旺矽穎崴 隨著貴金屬價格持續攀升; 半導體供應鏈預計將迎接新一波的成本轉嫁 根據摩根士丹利; probe; morgan stanley,2026-07-01T08:56:18.000Z,https://x.com/technews_tw/status/2072242883932147732,大摩警告探針產能出現嚴重短缺！ #大摩重申加碼旺矽穎崴 隨著貴金屬價格持續攀升，以及測試探針（test pin）產能出現嚴重短缺，半導體供應鏈預計將迎接新一波的成本轉嫁。根據摩根士丹利（Morgan Stanley，大摩）最新發布報告指出，供應鏈調查顯示，探針卡（probe…  http:// dlvr.it/TTJ2Y6
#2,technews_tw,148,10021,125,19,4,yes,#磷化銦inp磊晶供應鏈; 計畫在今後 年最高投資; 日發布新聞稿宣布 為了因應資料中心用光通訊基礎設施需求擴大; 10 磷化銦inp磊晶供應鏈; jx 金屬; inp,2026-06-17T02:34:17.000Z,https://x.com/technews_tw/status/2067073313957146678,"磷化銦基板產能 4 年內擴增至 10 倍！ #磷化銦InP磊晶供應鏈 JX 金屬 16 日發布新聞稿宣布，為了因應資料中心用光通訊基礎設施需求擴大，將進一步擴增 InP 基板產能，計畫在今後 4 年最高投資 1,200 億日圓（包含之前公布的投資計畫計算、總投資額將達 1,500…  http:// dlvr.it/TT4WKF"
#3,technews_tw,83,9442,71,10,2,yes,#大摩點名國巨mlcc終極大贏家; ai; 大摩點名國巨mlcc終極大贏家 被動元件產業將迎來新一輪大循環; 摩根士丹利最新研究報告中坦言 過去嚴重低估雲端; 二階效應 隨著; 元的天價,2026-06-15T06:36:12.000Z,https://x.com/technews_tw/status/2066409421467779571,"大摩上調國巨目標價至 1,355 元，甚至有機會挑戰 2,055 元的天價！ #大摩點名國巨MLCC終極大贏家 被動元件產業將迎來新一輪大循環，摩根士丹利最新研究報告中坦言，過去嚴重低估雲端 AI 對積層陶瓷電容（MLCC）市場帶來的「二階效應」 ，隨著 AI…  http:// dlvr.it/TT2lHB"
#4,technews_tw,78,5556,66,8,4,yes,#玻璃基板生態系供應鏈; ai; 憑藉可大尺寸化 高平整度與接近矽晶圓的熱膨脹係數; 台積電近期表態玻璃基板技術沒有捷徑 copos; 玻璃基板生態系供應鏈 ai; 玻璃基板被視為有機載板之後的次世代 ic; 載板 台積電近期表態玻璃基板技術沒有捷徑,2026-06-10T00:32:36.000Z,https://x.com/technews_tw/status/2064505979157581858,玻璃基板真能扛起 AI 封裝大任？ #玻璃基板生態系供應鏈 AI 晶片帶動高密度封裝需求，玻璃基板躍居先進封裝關鍵材料。憑藉可大尺寸化、高平整度與接近矽晶圓的熱膨脹係數，玻璃基板被視為有機載板之後的次世代 IC 載板。台積電近期表態玻璃基板技術沒有捷徑，CoPoS…  http:// dlvr.it/TSyY9S
#5,technews_tw,71,9064,62,9,0,yes,#ai資料中心價值鏈; ai; 800v 高壓直流供電; 台達電布局多年的 400v; hvdc ai; 資料中心新供電標準 ai資料中心價值鏈,2026-06-04T00:03:21.000Z,https://x.com/technews_tw/status/2062324291346313413,800V HVDC 成 AI 資料中心新供電標準！ #AI資料中心價值鏈 AI 運算競賽正從晶片延伸至電力基礎設施。市場傳出，台達電布局多年的 ±400V 及 800V 高壓直流供電（HVDC）方案，已分別獲得兩家美系 AI 指標客戶採用，相關產品預計第三季開始出貨，並導入新一代 AI 資料中心。…  http:// dlvr.it/TSsSgR
#6,technews_tw,60,5092,49,11,0,yes,#iphone18pro主機板高解析照片流出; dram; iphone; iphone18pro主機板高解析照片流出 蘋果; wmcm dram; a20 pro; pro 採用晶圓級多晶片模組封裝; dlvr ttpj7x,2026-07-08T11:41:37.000+08:00,https://x.com/technews_tw/status/2074700404030599657,這次 A20 Pro 採 WMCM 封裝！ #iPhone18Pro主機板高解析照片流出 蘋果 iPhone 18 Pro 系列預計約兩個月後登場，近日疑似新機主機板的高解析照片曝光，顯示首款 2 奈米晶片 A20 Pro 採用晶圓級多晶片模組封裝(WMCM)，將 DRAM…  http:// dlvr.it/TTPj7X
#7,technews_tw,58,4198,54,4,0,yes,#高盛調高國巨目標假至1490元; mlc; 高盛稱國巨居於絕佳的受惠戰略位置 高盛調高國巨目標假至1490元; 評等 並將目標價從原本的; 產能排擠效應 預估將為標準型積層陶瓷電容; 346 一口氣大幅上調至; mlcc 帶來驚人的漲價循環,2026-07-06T04:07:14.000Z,https://x.com/technews_tw/status/2073982075037008112,"高盛稱國巨居於絕佳的受惠戰略位置！ #高盛調高國巨目標假至1490元 受到 AI 需求爆發所引發的「產能排擠效應」，預估將為標準型積層陶瓷電容（MLCC）帶來驚人的漲價循環，高盛維持對國巨的「買進」評等，並將目標價從原本的 346 元，一口氣大幅上調至 1,490 元。…  http:// dlvr.it/TTMrx9"
#8,technews_tw,57,10051,51,4,2,yes,#semianalysis遭爆球員兼裁判; amd; semianalysis; 執行長蘇姿丰也曾是苦主 semianalysis遭爆球員兼裁判; semianalysis 近日陷入; 月底旋即與 tema; 2029 重創光通訊族群股價,2026-07-05T03:31:16.000Z,https://x.com/technews_tw/status/2073610638702842166,AMD 執行長蘇姿丰也曾是苦主！ #SemiAnalysis遭爆球員兼裁判 研究機構 SemiAnalysis 近日陷入「球員兼裁判」爭議。該機構 6 月初發布報告，以良率偏低、交付延誤為由，質疑 CPO 量產時程恐延至 2028、2029 年，重創光通訊族群股價；不料 6 月底旋即與 Tema…  http:// dlvr.it/TTMG09
#9,technews_tw,57,4085,48,9,0,yes,#小摩點名ai供應鏈五大贏家; ai; 小摩點名ai供應鏈五大贏家; ccl 到高階載板; 到高階載板 substrate; morgan 發布產業報告指出; mlcc,2026-06-16T08:38:21.000Z,https://x.com/technews_tw/status/2066802549764829202,小摩點名 4 大台廠！ #小摩點名AI供應鏈五大贏家 AI 浪潮席捲全球硬體供應鏈，積層陶瓷電容（MLCC）、銅箔基板（CCL）到高階載板（Substrate）產能全面吃緊。外資券商摩根大通（J.P. Morgan）發布產業報告指出，AI…  http:// dlvr.it/TT3lyV
#10,technews_tw,53,3151,43,7,3,yes,#tsmc; #samsung; #intel; tsmc; samsung; intel; 台積電已將 奈米廠區改規劃以擴充; 億美元 tsmc; 888 在先進製程方面,2026-06-30T10:01:54.000Z,https://x.com/technews_tw/status/2071897003286786431,"大摩調高台積電目標價至新台幣 2,888 元。在先進製程方面，大摩強調台積電在 2 奈米仍是唯一贏家。產業調查顯示 2 奈米需求強勁，台積電已將 3 奈米廠區改規劃以擴充 2 奈米產能，需求較一年前多出每月 6 萬片，並預估其 2027、2028 年資本支出各達 750 億美元。 $TSMC #TSMC #Samsung #Intel"

#1,combined,26372,2219969,24000,2300,72,yes,korea tteokbokki; cigarettes bought; went 11; served meal; elder ladies,2025-04-30T23:16:36.000Z,https://x.com/dylan522p/status/1917719768066363629,"In Korea, found this Tteokbokki spot ran by 2 elder ladies I asked if they took card She shook her head, spoke some Korean, walked out, waved me to follow We went to a 7/11 She pointed at some cigarettes, which I bought for her, 3500 won, $2.46 Went back and got served this meal"
#2,combined,14700,351178,14000,608,92,yes,image,2026-05-06T17:57:01.000Z,https://x.com/SemiAnalysis_/status/2052085238856093973,Elon rn
#3,combined,10811,1409669,10000,635,176,yes,samsung; nvidia; nvidia profitable; samsung overtakes; official samsung; overtakes nvidia,2026-07-06T23:18:52.000Z,https://x.com/jukan05/status/2074271893956558914,OFFICIAL: SAMSUNG OVERTAKES NVIDIA TO BECOME THE MOST PROFITABLE COMPANY IN THE WORLD
#4,combined,10797,772473,10000,767,30,no,ai; kid diets; vs foods; cheese plastic; hilarious study; totally vindicated,2024-12-29T04:41:46.000Z,https://x.com/dylan522p/status/1873227889610735667,The most hilarious part of the study isn't that all the Whole Foods Organic veggies & meat are plastic ridden Its that Sour Patch Kids + microwavable Kraft Mac & Cheese were among the least plastic containing foods 6 year old kid diets are totally vindicated vs Whole Foods Maxies
#5,combined,8900,6654201,6100,1500,1300,yes,volleyball tournament; caste; people gujarat; dallas unreal; rural america,2025-03-01T22:55:24.000Z,https://x.com/dylan522p/status/1895971158169882830,"My caste (Leuva Patidar Samaj) volleyball tournament in Dallas is unreal 8,000 people here out of ~40,000 people in the US Everyone from a part of Gujarat and same way of life in the US Literally everyone here owns a motel or gas station in rural America"
#6,combined,7520,1046171,6700,572,248,no,intel; qualcomm; ai; elon jet; florida qualcomm; intel saved,2025-01-17T22:20:19.000Z,https://x.com/dylan522p/status/1880379652054901175,Elon's jet is in Florida. Global Foundries jet is in Florida. Qualcomm's jet is in Florida. In case anyone was wondering what's going on with Intel... They are at Mar-a-Lago. Make America Great Again can only be true if Intel is saved.
#7,combined,7306,1485860,6400,778,128,yes,samsung; hynix,2026-05-22T01:29:35.000Z,https://x.com/jukan05/status/2057634950636241129,Just in: Employees at high-end and supercar dealerships in Korea say their showrooms are packed with Samsung and SK hynix employees.
#8,combined,6232,621663,4400,1400,432,yes,image,2026-05-28T02:23:59.000Z,https://x.com/jukan05/status/2059822967648030996,"As a Korean, this is very sad.  According to a local Korean media report released today, LG Electronics has reportedly explored the possibility of selling its TV business to China’s Hisense.  The Korean TV industry has collapsed."
#9,combined,5945,671529,5600,288,57,no,semiconductor,2026-06-08T05:45:59.000Z,https://x.com/jukan05/status/2063860067649380675,"Why you should be on X:  You can see real-time supply-chain information shared directly by Korean semiconductor engineers, for free.  You get raw, unfiltered information without it going through sell-side analysts or research houses.  This is why I don’t use Reddit or other"
#10,combined,5905,1893618,5200,412,293,no,pandemic happening; sf like; hit people,2026-03-09T03:36:22.000Z,https://x.com/dylan522p/status/2030850153117327542,"Being in SF is like being in Wuhan right before the pandemic  Something is happening, it's gonna hit everywhere but so few people know it"

